show_id,show_name,genre,content_type
S001,The Last Signal,Action,Series
S002,Campus Days,Drama,Series
S003,Dark Horizon,Romance,Movie
S004,City of Dreams,Romance,Series
S005,The Hidden Truth,Documentary,Series
S006,Family Ties,Thriller,Series
S007,Code Warriors,Thriller,Series
S008,Midnight Stories,Drama,Series
S009,The Final Mission,Thriller,Movie
S010,Love in Delhi,Comedy,Movie
S011,Beyond the Stars,Comedy,Series
S012,Crime Files,Thriller,Movie
S013,The Startup,Comedy,Movie
S014,Lost Memories,Documentary,Series
S015,House of Secrets,Documentary,Movie
S016,The Last Kingdom,Romance,Movie
S017,Weekend Vibes,Thriller,Movie
S018,Unknown Territory,Comedy,Movie
S019,The Detective,Romance,Series
S020,Life at 25,Documentary,Series
S021,The Great Journey,Drama,Series
S022,Digital World,Drama,Series
S023,Broken Promises,Thriller,Series
S024,The New Beginning,Drama,Series
S025,Inside the Mind,Action,Movie
S026,The Game Changer,Comedy,Movie
S027,Mountain Tales,Romance,Movie
S028,The Silent Witness,Comedy,Movie
S029,Future City,Action,Movie
S030,One Last Chance,Thriller,Series
