watch_id,user_id,show_id,watch_minutes,watch_date
W00001,U0349,S022,162,2026-04-27
W00002,U0397,S018,170,2026-05-12
W00003,U0016,S013,179,2026-04-22
W00004,U0108,S030,64,2026-03-28
W00005,U0227,S010,43,2026-05-13
W00006,U0414,S027,22,2026-09-12
W00007,U0141,S018,169,2026-05-12
W00008,U0096,S003,132,2026-04-27
W00009,U0039,S014,38,2026-05-10
W00010,U0446,S017,71,2026-07-16
W00011,U0245,S012,25,2026-05-18
W00012,U0440,S012,130,2026-07-02
W00013,U0266,S030,162,2026-09-15
W00014,U0359,S020,142,2026-04-03
W00015,U0065,S030,12,2026-08-15
W00016,U0429,S014,129,2026-06-27
W00017,U0158,S018,77,2026-06-19
W00018,U0146,S030,46,2026-06-13
W00019,U0153,S016,82,2026-08-16
W00020,U0399,S017,130,2026-03-31
W00021,U0344,S004,149,2026-03-26
W00022,U0187,S026,46,2026-04-08
W00023,U0061,S005,180,2026-04-02
W00024,U0380,S006,48,2026-09-09
W00025,U0440,S014,97,2026-09-18
W00026,U0011,S030,86,2026-07-22
W00027,U0226,S025,61,2026-05-21
W00028,U0260,S027,81,2026-08-26
W00029,U0148,S029,72,2026-09-07
W00030,U0310,S021,119,2026-06-29
W00031,U0330,S011,66,2026-07-18
W00032,U0218,S009,12,2026-05-25
W00033,U0376,S006,14,2026-05-01
W00034,U0261,S022,56,2026-05-27
W00035,U0215,S017,18,2026-07-28
W00036,U0099,S020,131,2026-09-06
W00037,U0241,S029,132,2026-06-29
W00038,U0490,S003,91,2026-04-11
W00039,U0062,S017,12,2026-03-24
W00040,U0160,S003,22,2026-04-25
W00041,U0120,S029,98,2026-07-19
W00042,U0329,S004,151,2026-04-23
W00043,U0357,S002,20,2026-04-04
W00044,U0105,S024,76,2026-04-30
W00045,U0123,S028,38,2026-04-01
W00046,U0137,S003,162,2026-08-19
W00047,U0226,S012,179,2026-04-26
W00048,U0009,S015,49,2026-07-17
W00049,U0025,S005,148,2026-09-16
W00050,U0443,S002,133,2026-07-09
W00051,U0463,S006,81,2026-07-02
W00052,U0251,S005,99,2026-07-03
W00053,U0402,S006,46,2026-04-17
W00054,U0316,S016,37,2026-04-15
W00055,U0453,S013,90,2026-08-11
W00056,U0114,S008,54,2026-08-29
W00057,U0224,S030,102,2026-06-18
W00058,U0115,S026,76,2026-09-17
W00059,U0056,S008,107,2026-09-07
W00060,U0040,S027,42,2026-08-07
W00061,U0262,S024,156,2026-05-29
W00062,U0336,S008,101,2026-06-13
W00063,U0353,S027,68,2026-09-15
W00064,U0304,S009,22,2026-05-03
W00065,U0363,S013,98,2026-08-26
W00066,U0181,S010,109,2026-04-21
W00067,U0191,S027,175,2026-04-11
W00068,U0188,S007,142,2026-07-16
W00069,U0235,S013,67,2026-05-28
W00070,U0249,S019,40,2026-08-08
W00071,U0023,S010,147,2026-08-24
W00072,U0160,S011,167,2026-04-28
W00073,U0039,S018,109,2026-06-06
W00074,U0258,S014,86,2026-07-26
W00075,U0477,S012,48,2026-07-25
W00076,U0450,S013,55,2026-08-19
W00077,U0155,S017,26,2026-07-10
W00078,U0360,S002,97,2026-06-20
W00079,U0365,S003,79,2026-05-17
W00080,U0467,S030,83,2026-06-15
W00081,U0233,S002,72,2026-04-08
W00082,U0412,S028,88,2026-06-30
W00083,U0222,S005,31,2026-06-30
W00084,U0196,S020,105,2026-05-06
W00085,U0484,S018,77,2026-07-20
W00086,U0219,S017,21,2026-09-09
W00087,U0406,S017,147,2026-07-31
W00088,U0374,S001,31,2026-09-12
W00089,U0474,S024,59,2026-04-26
W00090,U0270,S015,38,2026-06-06
W00091,U0204,S004,134,2026-04-17
W00092,U0460,S007,38,2026-04-28
W00093,U0395,S001,143,2026-06-04
W00094,U0367,S015,169,2026-06-06
W00095,U0435,S011,67,2026-07-16
W00096,U0471,S026,38,2026-05-14
W00097,U0004,S017,108,2026-04-22
W00098,U0397,S009,48,2026-05-15
W00099,U0271,S023,38,2026-04-15
W00100,U0157,S011,125,2026-09-08
W00101,U0288,S002,93,2026-07-13
W00102,U0022,S011,36,2026-05-09
W00103,U0195,S017,135,2026-07-18
W00104,U0236,S024,101,2026-06-04
W00105,U0477,S021,56,2026-04-18
W00106,U0464,S005,93,2026-09-05
W00107,U0262,S019,140,2026-04-06
W00108,U0257,S026,133,2026-08-13
W00109,U0422,S015,171,2026-04-16
W00110,U0445,S003,73,2026-04-17
W00111,U0497,S025,33,2026-07-20
W00112,U0012,S018,24,2026-08-19
W00113,U0492,S016,36,2026-07-06
W00114,U0072,S028,154,2026-08-27
W00115,U0093,S021,17,2026-07-09
W00116,U0079,S027,59,2026-03-26
W00117,U0500,S007,140,2026-08-19
W00118,U0349,S012,33,2026-09-09
W00119,U0316,S026,140,2026-07-07
W00120,U0404,S014,24,2026-05-18
W00121,U0153,S030,26,2026-06-18
W00122,U0382,S012,93,2026-05-06
W00123,U0228,S009,175,2026-07-22
W00124,U0432,S025,72,2026-06-05
W00125,U0214,S022,126,2026-08-21
W00126,U0386,S024,81,2026-07-19
W00127,U0395,S013,81,2026-08-12
W00128,U0277,S018,73,2026-05-05
W00129,U0338,S014,104,2026-05-18
W00130,U0166,S011,54,2026-08-14
W00131,U0217,S001,111,2026-04-01
W00132,U0425,S008,20,2026-05-11
W00133,U0214,S019,97,2026-07-01
W00134,U0041,S017,85,2026-09-06
W00135,U0377,S014,169,2026-07-30
W00136,U0463,S016,63,2026-05-21
W00137,U0086,S028,157,2026-08-29
W00138,U0161,S010,177,2026-07-11
W00139,U0416,S018,106,2026-05-06
W00140,U0002,S001,42,2026-09-12
W00141,U0233,S013,167,2026-05-12
W00142,U0417,S013,125,2026-08-24
W00143,U0154,S022,112,2026-07-06
W00144,U0194,S006,112,2026-07-03
W00145,U0090,S014,131,2026-06-15
W00146,U0498,S015,115,2026-08-13
W00147,U0375,S012,58,2026-06-12
W00148,U0360,S011,70,2026-05-17
W00149,U0451,S027,143,2026-04-20
W00150,U0009,S006,82,2026-04-30
W00151,U0359,S009,123,2026-09-17
W00152,U0204,S008,81,2026-09-02
W00153,U0178,S028,71,2026-09-15
W00154,U0084,S030,120,2026-07-13
W00155,U0251,S007,93,2026-06-28
W00156,U0208,S004,143,2026-05-03
W00157,U0314,S022,163,2026-08-26
W00158,U0383,S003,136,2026-05-15
W00159,U0297,S028,115,2026-06-02
W00160,U0014,S011,21,2026-08-03
W00161,U0087,S012,150,2026-06-12
W00162,U0025,S013,131,2026-05-08
W00163,U0147,S023,109,2026-07-16
W00164,U0173,S008,128,2026-08-29
W00165,U0309,S023,41,2026-05-25
W00166,U0307,S012,91,2026-04-30
W00167,U0454,S018,159,2026-08-03
W00168,U0037,S024,114,2026-06-20
W00169,U0059,S003,165,2026-08-04
W00170,U0202,S019,44,2026-06-04
W00171,U0445,S029,106,2026-05-22
W00172,U0391,S012,58,2026-09-07
W00173,U0350,S021,168,2026-05-08
W00174,U0442,S029,33,2026-08-13
W00175,U0404,S005,13,2026-04-25
W00176,U0220,S012,135,2026-03-25
W00177,U0020,S028,161,2026-07-21
W00178,U0050,S017,105,2026-04-27
W00179,U0105,S004,126,2026-05-14
W00180,U0354,S004,75,2026-06-25
W00181,U0335,S002,173,2026-04-18
W00182,U0262,S007,179,2026-07-12
W00183,U0243,S019,134,2026-07-28
W00184,U0268,S003,27,2026-03-23
W00185,U0040,S021,152,2026-06-30
W00186,U0225,S003,35,2026-05-11
W00187,U0008,S004,96,2026-07-09
W00188,U0298,S012,23,2026-06-23
W00189,U0334,S002,128,2026-04-01
W00190,U0293,S005,175,2026-03-31
W00191,U0493,S009,71,2026-04-26
W00192,U0316,S029,120,2026-04-06
W00193,U0014,S024,93,2026-08-12
W00194,U0130,S007,79,2026-05-09
W00195,U0145,S027,98,2026-07-15
W00196,U0028,S002,172,2026-04-21
W00197,U0229,S005,177,2026-09-04
W00198,U0460,S024,173,2026-04-11
W00199,U0301,S023,56,2026-04-18
W00200,U0287,S011,19,2026-04-06
W00201,U0195,S022,23,2026-08-20
W00202,U0080,S010,102,2026-07-26
W00203,U0266,S012,103,2026-05-29
W00204,U0361,S001,142,2026-03-27
W00205,U0276,S008,180,2026-04-27
W00206,U0460,S001,66,2026-08-04
W00207,U0064,S022,37,2026-08-03
W00208,U0121,S011,174,2026-08-16
W00209,U0175,S005,174,2026-06-28
W00210,U0305,S017,129,2026-04-27
W00211,U0044,S024,165,2026-09-05
W00212,U0367,S015,143,2026-04-10
W00213,U0108,S027,157,2026-08-01
W00214,U0370,S014,139,2026-08-19
W00215,U0457,S005,29,2026-06-13
W00216,U0282,S029,10,2026-09-04
W00217,U0119,S003,68,2026-04-17
W00218,U0325,S001,21,2026-04-14
W00219,U0490,S020,52,2026-05-21
W00220,U0126,S002,59,2026-05-11
W00221,U0285,S025,48,2026-08-08
W00222,U0223,S024,180,2026-05-13
W00223,U0178,S023,47,2026-03-23
W00224,U0340,S023,137,2026-05-27
W00225,U0126,S013,61,2026-06-19
W00226,U0336,S018,133,2026-09-06
W00227,U0375,S008,94,2026-08-27
W00228,U0129,S023,17,2026-07-08
W00229,U0157,S006,14,2026-07-30
W00230,U0495,S022,43,2026-06-11
W00231,U0193,S023,128,2026-04-23
W00232,U0218,S011,167,2026-05-20
W00233,U0114,S018,154,2026-06-19
W00234,U0026,S008,56,2026-04-24
W00235,U0232,S017,85,2026-04-04
W00236,U0475,S008,98,2026-06-21
W00237,U0302,S004,42,2026-05-31
W00238,U0001,S019,40,2026-07-28
W00239,U0464,S014,62,2026-09-06
W00240,U0304,S005,114,2026-07-14
W00241,U0090,S030,72,2026-08-20
W00242,U0073,S001,178,2026-07-05
W00243,U0089,S016,22,2026-07-18
W00244,U0073,S021,86,2026-03-24
W00245,U0159,S009,77,2026-06-07
W00246,U0098,S029,111,2026-07-11
W00247,U0494,S004,111,2026-04-20
W00248,U0019,S006,91,2026-08-01
W00249,U0397,S009,32,2026-07-30
W00250,U0339,S013,84,2026-05-17
W00251,U0129,S024,63,2026-09-18
W00252,U0455,S025,152,2026-08-08
W00253,U0065,S012,152,2026-06-08
W00254,U0405,S019,69,2026-08-01
W00255,U0093,S025,170,2026-08-25
W00256,U0305,S017,44,2026-07-19
W00257,U0428,S006,20,2026-07-26
W00258,U0355,S008,119,2026-05-07
W00259,U0462,S010,18,2026-07-11
W00260,U0003,S021,35,2026-04-24
W00261,U0328,S016,165,2026-07-14
W00262,U0117,S029,163,2026-09-06
W00263,U0153,S012,142,2026-08-22
W00264,U0482,S016,46,2026-05-25
W00265,U0463,S012,24,2026-05-20
W00266,U0043,S016,96,2026-07-17
W00267,U0326,S014,117,2026-03-23
W00268,U0379,S011,30,2026-05-19
W00269,U0407,S011,89,2026-07-12
W00270,U0303,S021,133,2026-07-17
W00271,U0399,S025,45,2026-03-28
W00272,U0203,S019,24,2026-05-08
W00273,U0324,S021,150,2026-04-06
W00274,U0470,S019,43,2026-09-03
W00275,U0334,S029,126,2026-04-09
W00276,U0052,S014,36,2026-07-12
W00277,U0157,S015,165,2026-09-03
W00278,U0291,S008,153,2026-09-18
W00279,U0106,S004,167,2026-06-15
W00280,U0146,S002,86,2026-06-08
W00281,U0132,S026,98,2026-05-25
W00282,U0350,S011,16,2026-05-08
W00283,U0351,S012,83,2026-08-22
W00284,U0039,S013,168,2026-07-24
W00285,U0071,S024,179,2026-09-12
W00286,U0445,S010,45,2026-09-17
W00287,U0084,S004,127,2026-03-31
W00288,U0263,S022,138,2026-06-20
W00289,U0172,S024,115,2026-07-12
W00290,U0047,S027,150,2026-07-28
W00291,U0375,S022,127,2026-08-24
W00292,U0277,S022,146,2026-06-22
W00293,U0026,S009,24,2026-08-13
W00294,U0010,S024,131,2026-08-27
W00295,U0121,S029,179,2026-05-09
W00296,U0072,S024,58,2026-08-03
W00297,U0154,S027,46,2026-06-14
W00298,U0068,S018,161,2026-06-12
W00299,U0019,S004,69,2026-07-27
W00300,U0167,S010,98,2026-07-04
W00301,U0146,S019,173,2026-08-01
W00302,U0458,S001,78,2026-05-18
W00303,U0175,S017,117,2026-08-12
W00304,U0226,S001,128,2026-09-03
W00305,U0149,S017,159,2026-08-26
W00306,U0432,S005,152,2026-08-26
W00307,U0419,S028,169,2026-06-17
W00308,U0011,S010,87,2026-04-27
W00309,U0077,S029,162,2026-04-16
W00310,U0258,S003,16,2026-09-17
W00311,U0085,S018,76,2026-08-07
W00312,U0042,S022,134,2026-04-01
W00313,U0167,S009,33,2026-03-30
W00314,U0188,S014,28,2026-07-13
W00315,U0068,S026,111,2026-05-18
W00316,U0042,S007,118,2026-05-07
W00317,U0494,S004,106,2026-05-12
W00318,U0164,S003,82,2026-07-11
W00319,U0136,S001,132,2026-05-18
W00320,U0070,S009,22,2026-08-04
W00321,U0049,S028,139,2026-09-14
W00322,U0444,S005,36,2026-06-29
W00323,U0160,S021,17,2026-09-10
W00324,U0230,S008,59,2026-07-11
W00325,U0067,S022,53,2026-06-11
W00326,U0381,S026,12,2026-07-02
W00327,U0342,S006,139,2026-04-06
W00328,U0215,S012,11,2026-06-18
W00329,U0102,S017,44,2026-04-07
W00330,U0354,S023,39,2026-09-03
W00331,U0116,S008,159,2026-05-01
W00332,U0300,S026,45,2026-06-17
W00333,U0453,S013,40,2026-07-04
W00334,U0303,S025,64,2026-07-15
W00335,U0208,S010,167,2026-08-12
W00336,U0121,S023,153,2026-06-29
W00337,U0012,S017,153,2026-04-23
W00338,U0396,S008,12,2026-07-04
W00339,U0144,S030,32,2026-08-22
W00340,U0348,S019,113,2026-07-12
W00341,U0118,S005,113,2026-04-07
W00342,U0248,S012,74,2026-04-04
W00343,U0121,S030,158,2026-04-25
W00344,U0084,S006,159,2026-05-22
W00345,U0466,S008,41,2026-07-05
W00346,U0161,S021,25,2026-04-17
W00347,U0460,S006,151,2026-04-12
W00348,U0292,S001,160,2026-07-03
W00349,U0114,S013,75,2026-07-08
W00350,U0361,S021,11,2026-08-13
W00351,U0475,S025,84,2026-05-24
W00352,U0323,S020,160,2026-05-24
W00353,U0154,S004,64,2026-06-08
W00354,U0262,S003,159,2026-07-28
W00355,U0427,S015,95,2026-05-12
W00356,U0316,S005,21,2026-09-03
W00357,U0239,S017,51,2026-06-30
W00358,U0166,S018,44,2026-04-14
W00359,U0158,S024,167,2026-06-14
W00360,U0462,S006,76,2026-07-03
W00361,U0336,S007,23,2026-06-12
W00362,U0073,S015,158,2026-08-26
W00363,U0163,S002,100,2026-07-12
W00364,U0130,S003,29,2026-09-13
W00365,U0466,S010,34,2026-08-01
W00366,U0450,S025,63,2026-07-29
W00367,U0289,S004,104,2026-09-11
W00368,U0270,S001,119,2026-03-24
W00369,U0336,S022,134,2026-08-18
W00370,U0436,S003,178,2026-04-02
W00371,U0390,S025,150,2026-05-30
W00372,U0117,S002,145,2026-06-12
W00373,U0405,S002,34,2026-05-21
W00374,U0079,S004,21,2026-08-25
W00375,U0288,S028,150,2026-06-04
W00376,U0031,S014,29,2026-05-25
W00377,U0146,S029,69,2026-04-29
W00378,U0447,S006,169,2026-08-26
W00379,U0349,S011,139,2026-04-06
W00380,U0060,S023,40,2026-05-16
W00381,U0499,S005,171,2026-04-17
W00382,U0266,S025,139,2026-04-22
W00383,U0382,S011,168,2026-04-26
W00384,U0056,S015,92,2026-04-23
W00385,U0393,S003,158,2026-05-21
W00386,U0329,S028,124,2026-09-13
W00387,U0263,S016,153,2026-07-20
W00388,U0252,S001,13,2026-05-20
W00389,U0260,S007,49,2026-07-02
W00390,U0273,S005,112,2026-04-03
W00391,U0380,S020,61,2026-08-28
W00392,U0420,S028,175,2026-07-07
W00393,U0231,S018,72,2026-05-26
W00394,U0485,S020,71,2026-06-27
W00395,U0256,S029,16,2026-09-05
W00396,U0155,S028,23,2026-04-16
W00397,U0455,S005,95,2026-06-21
W00398,U0133,S030,139,2026-06-09
W00399,U0062,S027,158,2026-08-24
W00400,U0246,S006,88,2026-07-12
W00401,U0149,S010,67,2026-07-25
W00402,U0376,S007,142,2026-04-20
W00403,U0065,S013,91,2026-07-05
W00404,U0485,S013,169,2026-05-25
W00405,U0164,S017,148,2026-09-17
W00406,U0191,S021,61,2026-05-26
W00407,U0256,S023,126,2026-05-16
W00408,U0282,S030,43,2026-03-27
W00409,U0052,S016,91,2026-06-28
W00410,U0232,S003,166,2026-08-05
W00411,U0422,S010,30,2026-06-27
W00412,U0042,S013,122,2026-04-12
W00413,U0105,S017,129,2026-09-08
W00414,U0393,S009,138,2026-08-03
W00415,U0130,S028,57,2026-05-01
W00416,U0029,S001,19,2026-07-24
W00417,U0242,S026,30,2026-07-09
W00418,U0284,S011,43,2026-09-09
W00419,U0264,S027,88,2026-06-02
W00420,U0401,S028,96,2026-07-27
W00421,U0344,S013,78,2026-04-02
W00422,U0416,S012,96,2026-07-26
W00423,U0101,S008,86,2026-06-04
W00424,U0200,S025,96,2026-06-20
W00425,U0043,S001,118,2026-07-11
W00426,U0435,S024,161,2026-05-29
W00427,U0017,S005,157,2026-07-03
W00428,U0277,S008,67,2026-08-18
W00429,U0415,S014,148,2026-04-19
W00430,U0436,S015,144,2026-07-01
W00431,U0499,S028,60,2026-06-30
W00432,U0491,S026,14,2026-06-27
W00433,U0261,S030,105,2026-05-23
W00434,U0008,S010,47,2026-05-02
W00435,U0111,S016,90,2026-06-09
W00436,U0223,S008,113,2026-07-10
W00437,U0409,S009,58,2026-04-27
W00438,U0292,S030,77,2026-09-03
W00439,U0078,S009,178,2026-08-02
W00440,U0217,S026,128,2026-06-27
W00441,U0190,S018,19,2026-05-10
W00442,U0149,S004,149,2026-08-16
W00443,U0347,S008,11,2026-07-29
W00444,U0374,S013,169,2026-08-13
W00445,U0351,S016,41,2026-06-20
W00446,U0288,S028,20,2026-07-15
W00447,U0010,S015,26,2026-06-24
W00448,U0424,S018,162,2026-09-16
W00449,U0488,S027,87,2026-04-26
W00450,U0124,S026,123,2026-05-30
W00451,U0278,S020,167,2026-06-29
W00452,U0468,S021,41,2026-04-20
W00453,U0435,S014,122,2026-08-02
W00454,U0376,S021,131,2026-07-20
W00455,U0032,S030,128,2026-03-27
W00456,U0039,S017,21,2026-07-11
W00457,U0233,S015,27,2026-04-10
W00458,U0149,S013,158,2026-07-29
W00459,U0126,S008,55,2026-04-18
W00460,U0360,S014,144,2026-03-27
W00461,U0151,S012,95,2026-06-04
W00462,U0150,S011,98,2026-06-16
W00463,U0022,S028,38,2026-08-25
W00464,U0269,S018,11,2026-05-07
W00465,U0029,S021,36,2026-07-08
W00466,U0050,S015,160,2026-09-05
W00467,U0088,S012,31,2026-05-29
W00468,U0171,S005,106,2026-04-19
W00469,U0184,S003,127,2026-03-24
W00470,U0019,S023,166,2026-07-09
W00471,U0030,S007,117,2026-07-19
W00472,U0367,S025,137,2026-07-26
W00473,U0229,S015,145,2026-08-06
W00474,U0362,S026,153,2026-06-29
W00475,U0072,S001,117,2026-08-19
W00476,U0261,S003,141,2026-06-26
W00477,U0104,S003,73,2026-04-25
W00478,U0362,S002,19,2026-08-28
W00479,U0405,S014,164,2026-08-11
W00480,U0066,S009,121,2026-07-04
W00481,U0013,S009,173,2026-06-13
W00482,U0086,S010,99,2026-07-30
W00483,U0314,S022,21,2026-09-03
W00484,U0209,S014,23,2026-06-24
W00485,U0121,S002,130,2026-06-02
W00486,U0020,S011,153,2026-09-16
W00487,U0243,S023,79,2026-08-26
W00488,U0312,S019,110,2026-05-28
W00489,U0186,S004,120,2026-06-08
W00490,U0381,S004,29,2026-05-21
W00491,U0394,S024,163,2026-07-19
W00492,U0293,S006,63,2026-06-17
W00493,U0488,S007,158,2026-04-13
W00494,U0202,S006,13,2026-08-22
W00495,U0188,S025,29,2026-04-03
W00496,U0273,S023,80,2026-06-05
W00497,U0004,S029,23,2026-09-04
W00498,U0003,S024,89,2026-06-01
W00499,U0186,S023,141,2026-08-09
W00500,U0376,S030,33,2026-06-02
W00501,U0162,S030,91,2026-07-22
W00502,U0403,S028,69,2026-06-01
W00503,U0403,S017,72,2026-04-10
W00504,U0366,S019,159,2026-08-04
W00505,U0152,S013,85,2026-09-08
W00506,U0030,S026,126,2026-03-23
W00507,U0415,S004,28,2026-03-30
W00508,U0432,S013,103,2026-05-03
W00509,U0183,S017,155,2026-05-30
W00510,U0319,S020,122,2026-07-23
W00511,U0251,S028,56,2026-07-24
W00512,U0459,S025,127,2026-04-20
W00513,U0301,S001,154,2026-05-09
W00514,U0198,S004,157,2026-09-18
W00515,U0240,S015,152,2026-06-29
W00516,U0198,S015,87,2026-04-06
W00517,U0124,S011,112,2026-04-29
W00518,U0137,S026,153,2026-05-13
W00519,U0325,S025,70,2026-07-19
W00520,U0138,S018,12,2026-09-03
W00521,U0461,S011,122,2026-08-17
W00522,U0350,S030,127,2026-09-01
W00523,U0493,S006,90,2026-06-24
W00524,U0365,S019,156,2026-09-14
W00525,U0426,S003,55,2026-04-23
W00526,U0410,S019,78,2026-05-21
W00527,U0349,S005,58,2026-06-24
W00528,U0405,S010,14,2026-09-10
W00529,U0356,S006,99,2026-04-29
W00530,U0260,S030,48,2026-05-31
W00531,U0498,S003,138,2026-05-05
W00532,U0280,S025,109,2026-05-31
W00533,U0326,S009,69,2026-06-12
W00534,U0364,S028,66,2026-07-27
W00535,U0031,S020,161,2026-04-04
W00536,U0473,S004,167,2026-07-01
W00537,U0408,S012,115,2026-04-27
W00538,U0414,S022,144,2026-08-29
W00539,U0163,S023,23,2026-05-20
W00540,U0120,S010,89,2026-08-17
W00541,U0400,S022,115,2026-05-19
W00542,U0217,S013,79,2026-08-17
W00543,U0044,S009,54,2026-06-21
W00544,U0228,S024,116,2026-07-01
W00545,U0084,S018,116,2026-05-04
W00546,U0441,S021,170,2026-08-04
W00547,U0475,S007,79,2026-04-25
W00548,U0127,S015,169,2026-05-03
W00549,U0248,S011,157,2026-09-08
W00550,U0472,S015,158,2026-06-09
W00551,U0426,S026,129,2026-07-13
W00552,U0384,S014,66,2026-09-01
W00553,U0165,S026,30,2026-05-31
W00554,U0082,S005,140,2026-03-27
W00555,U0087,S026,174,2026-09-10
W00556,U0472,S017,156,2026-06-29
W00557,U0371,S025,94,2026-06-29
W00558,U0384,S012,178,2026-06-12
W00559,U0161,S018,126,2026-04-19
W00560,U0196,S010,80,2026-04-08
W00561,U0086,S023,42,2026-08-16
W00562,U0081,S024,70,2026-06-21
W00563,U0061,S002,37,2026-08-02
W00564,U0442,S011,178,2026-07-19
W00565,U0423,S022,26,2026-05-02
W00566,U0098,S006,107,2026-07-30
W00567,U0065,S010,94,2026-08-16
W00568,U0005,S002,31,2026-08-11
W00569,U0112,S025,75,2026-06-24
W00570,U0330,S002,153,2026-07-08
W00571,U0368,S019,134,2026-08-06
W00572,U0167,S022,85,2026-06-12
W00573,U0344,S015,177,2026-03-23
W00574,U0294,S028,68,2026-07-20
W00575,U0138,S003,72,2026-05-01
W00576,U0049,S007,30,2026-09-09
W00577,U0020,S026,136,2026-08-07
W00578,U0068,S014,125,2026-07-04
W00579,U0214,S015,129,2026-05-10
W00580,U0232,S021,88,2026-05-21
W00581,U0214,S020,101,2026-08-19
W00582,U0270,S027,134,2026-05-07
W00583,U0489,S008,67,2026-08-14
W00584,U0284,S026,122,2026-04-21
W00585,U0447,S002,162,2026-07-25
W00586,U0248,S030,140,2026-04-21
W00587,U0456,S012,106,2026-07-16
W00588,U0042,S020,15,2026-05-07
W00589,U0167,S020,32,2026-05-27
W00590,U0089,S027,180,2026-07-12
W00591,U0403,S005,60,2026-09-09
W00592,U0267,S024,21,2026-05-18
W00593,U0074,S008,161,2026-04-07
W00594,U0476,S009,173,2026-07-20
W00595,U0485,S021,81,2026-06-15
W00596,U0055,S009,56,2026-05-23
W00597,U0399,S016,113,2026-03-26
W00598,U0210,S010,69,2026-06-23
W00599,U0468,S006,21,2026-07-15
W00600,U0386,S007,89,2026-08-22
W00601,U0387,S013,12,2026-03-31
W00602,U0283,S018,116,2026-09-17
W00603,U0040,S006,170,2026-03-25
W00604,U0220,S001,17,2026-08-23
W00605,U0101,S028,116,2026-08-23
W00606,U0101,S004,119,2026-07-17
W00607,U0246,S019,41,2026-06-03
W00608,U0137,S012,148,2026-04-23
W00609,U0302,S023,25,2026-03-29
W00610,U0129,S013,128,2026-09-04
W00611,U0021,S030,22,2026-08-12
W00612,U0162,S004,165,2026-05-22
W00613,U0102,S026,68,2026-09-05
W00614,U0247,S027,78,2026-07-13
W00615,U0025,S003,106,2026-04-09
W00616,U0196,S025,157,2026-07-26
W00617,U0418,S026,135,2026-07-18
W00618,U0133,S003,18,2026-05-30
W00619,U0372,S006,143,2026-04-23
W00620,U0211,S028,130,2026-05-20
W00621,U0395,S002,117,2026-08-28
W00622,U0364,S009,140,2026-07-15
W00623,U0076,S028,39,2026-06-20
W00624,U0474,S016,30,2026-05-27
W00625,U0156,S024,170,2026-06-13
W00626,U0469,S003,43,2026-08-02
W00627,U0041,S019,91,2026-06-21
W00628,U0314,S011,32,2026-06-17
W00629,U0176,S022,26,2026-06-05
W00630,U0325,S012,148,2026-05-26
W00631,U0350,S015,100,2026-09-03
W00632,U0419,S001,134,2026-04-15
W00633,U0272,S002,75,2026-05-25
W00634,U0483,S008,165,2026-08-27
W00635,U0047,S007,157,2026-07-28
W00636,U0124,S001,96,2026-06-10
W00637,U0128,S003,13,2026-05-11
W00638,U0442,S025,56,2026-08-26
W00639,U0294,S015,30,2026-06-28
W00640,U0227,S025,126,2026-08-14
W00641,U0437,S014,151,2026-07-04
W00642,U0484,S012,154,2026-05-29
W00643,U0039,S009,108,2026-07-12
W00644,U0252,S013,124,2026-04-25
W00645,U0225,S006,160,2026-08-08
W00646,U0443,S027,107,2026-07-29
W00647,U0376,S014,47,2026-07-18
W00648,U0142,S004,81,2026-06-07
W00649,U0190,S003,156,2026-06-06
W00650,U0030,S014,93,2026-05-17
W00651,U0369,S025,177,2026-04-25
W00652,U0344,S014,163,2026-06-27
W00653,U0102,S023,159,2026-04-07
W00654,U0432,S025,92,2026-06-15
W00655,U0110,S019,140,2026-08-26
W00656,U0426,S019,37,2026-07-14
W00657,U0468,S013,80,2026-03-30
W00658,U0206,S009,133,2026-05-19
W00659,U0375,S025,28,2026-05-17
W00660,U0431,S020,151,2026-05-16
W00661,U0120,S006,70,2026-08-11
W00662,U0164,S008,39,2026-09-17
W00663,U0265,S001,129,2026-04-06
W00664,U0308,S025,151,2026-03-28
W00665,U0203,S021,87,2026-09-05
W00666,U0222,S009,77,2026-03-30
W00667,U0476,S008,11,2026-04-21
W00668,U0361,S029,119,2026-04-17
W00669,U0086,S009,129,2026-04-18
W00670,U0127,S023,25,2026-06-17
W00671,U0477,S030,122,2026-07-13
W00672,U0432,S030,21,2026-06-23
W00673,U0035,S011,73,2026-07-02
W00674,U0494,S018,158,2026-03-24
W00675,U0325,S016,29,2026-08-01
W00676,U0357,S003,170,2026-05-09
W00677,U0201,S029,146,2026-04-03
W00678,U0324,S003,74,2026-07-21
W00679,U0008,S013,96,2026-06-16
W00680,U0431,S008,85,2026-04-01
W00681,U0438,S012,56,2026-09-18
W00682,U0015,S009,156,2026-08-29
W00683,U0026,S020,102,2026-05-01
W00684,U0406,S008,30,2026-03-28
W00685,U0307,S006,29,2026-08-15
W00686,U0157,S019,141,2026-08-08
W00687,U0311,S007,101,2026-07-03
W00688,U0028,S004,159,2026-06-12
W00689,U0076,S013,76,2026-08-30
W00690,U0342,S012,171,2026-05-10
W00691,U0347,S023,114,2026-06-29
W00692,U0257,S008,96,2026-04-09
W00693,U0422,S006,162,2026-08-07
W00694,U0210,S017,70,2026-05-14
W00695,U0268,S006,36,2026-04-19
W00696,U0136,S019,133,2026-04-08
W00697,U0362,S001,102,2026-04-29
W00698,U0109,S017,108,2026-04-16
W00699,U0424,S014,44,2026-04-14
W00700,U0432,S013,93,2026-07-26
W00701,U0312,S017,150,2026-07-28
W00702,U0189,S006,58,2026-04-06
W00703,U0302,S017,145,2026-04-16
W00704,U0043,S020,133,2026-09-12
W00705,U0353,S026,48,2026-08-20
W00706,U0341,S021,71,2026-06-30
W00707,U0106,S011,63,2026-07-30
W00708,U0382,S009,18,2026-07-04
W00709,U0344,S005,58,2026-06-29
W00710,U0041,S017,97,2026-08-10
W00711,U0277,S019,68,2026-07-22
W00712,U0423,S023,50,2026-06-24
W00713,U0039,S013,20,2026-04-14
W00714,U0494,S019,148,2026-09-01
W00715,U0333,S014,54,2026-07-09
W00716,U0001,S008,117,2026-09-09
W00717,U0019,S012,81,2026-05-30
W00718,U0456,S029,118,2026-04-30
W00719,U0268,S029,170,2026-04-17
W00720,U0301,S026,112,2026-04-28
W00721,U0476,S026,17,2026-05-08
W00722,U0153,S027,96,2026-04-28
W00723,U0158,S013,93,2026-09-12
W00724,U0338,S018,77,2026-05-21
W00725,U0478,S001,136,2026-06-04
W00726,U0420,S018,156,2026-06-06
W00727,U0239,S028,177,2026-04-05
W00728,U0084,S017,85,2026-07-15
W00729,U0378,S019,152,2026-06-26
W00730,U0041,S007,11,2026-09-09
W00731,U0447,S029,114,2026-09-10
W00732,U0202,S002,60,2026-05-19
W00733,U0331,S013,19,2026-05-25
W00734,U0398,S018,60,2026-05-22
W00735,U0118,S009,130,2026-06-13
W00736,U0039,S028,12,2026-04-18
W00737,U0084,S006,164,2026-07-12
W00738,U0117,S002,102,2026-07-18
W00739,U0166,S003,153,2026-08-21
W00740,U0350,S008,11,2026-08-16
W00741,U0081,S009,21,2026-06-24
W00742,U0419,S011,74,2026-04-06
W00743,U0311,S013,110,2026-04-25
W00744,U0213,S030,58,2026-06-04
W00745,U0127,S025,32,2026-07-27
W00746,U0408,S025,47,2026-06-13
W00747,U0284,S021,116,2026-08-28
W00748,U0146,S004,108,2026-06-05
W00749,U0429,S023,82,2026-04-11
W00750,U0437,S006,131,2026-03-26
W00751,U0030,S028,117,2026-04-21
W00752,U0354,S003,165,2026-04-15
W00753,U0172,S015,50,2026-04-16
W00754,U0063,S023,113,2026-05-27
W00755,U0075,S016,169,2026-05-25
W00756,U0313,S022,109,2026-06-13
W00757,U0380,S001,161,2026-07-15
W00758,U0167,S002,165,2026-07-05
W00759,U0421,S007,174,2026-09-14
W00760,U0056,S001,56,2026-07-26
W00761,U0148,S019,166,2026-06-18
W00762,U0202,S028,155,2026-06-12
W00763,U0476,S003,180,2026-09-03
W00764,U0495,S027,135,2026-06-09
W00765,U0395,S017,122,2026-05-16
W00766,U0294,S005,145,2026-05-13
W00767,U0418,S016,125,2026-05-23
W00768,U0440,S012,74,2026-04-12
W00769,U0031,S004,122,2026-08-26
W00770,U0365,S018,78,2026-07-29
W00771,U0414,S024,97,2026-07-17
W00772,U0443,S003,84,2026-08-07
W00773,U0045,S004,163,2026-09-08
W00774,U0155,S014,116,2026-08-26
W00775,U0448,S027,60,2026-04-21
W00776,U0306,S006,68,2026-07-25
W00777,U0125,S015,39,2026-05-09
W00778,U0426,S005,131,2026-06-15
W00779,U0125,S005,179,2026-05-24
W00780,U0124,S005,44,2026-04-02
W00781,U0087,S006,27,2026-06-05
W00782,U0201,S017,38,2026-07-23
W00783,U0077,S027,135,2026-07-15
W00784,U0500,S017,118,2026-03-23
W00785,U0224,S016,31,2026-04-11
W00786,U0068,S005,174,2026-06-20
W00787,U0489,S017,150,2026-07-27
W00788,U0162,S013,95,2026-05-19
W00789,U0309,S027,96,2026-04-23
W00790,U0435,S003,51,2026-07-18
W00791,U0354,S013,60,2026-06-17
W00792,U0250,S017,94,2026-07-31
W00793,U0430,S012,30,2026-05-29
W00794,U0300,S011,112,2026-06-25
W00795,U0324,S019,138,2026-07-01
W00796,U0092,S024,134,2026-05-10
W00797,U0483,S013,120,2026-07-14
W00798,U0354,S011,26,2026-04-10
W00799,U0099,S028,91,2026-07-04
W00800,U0104,S022,161,2026-09-16
W00801,U0250,S019,174,2026-06-29
W00802,U0487,S021,17,2026-09-17
W00803,U0284,S005,154,2026-06-05
W00804,U0101,S004,127,2026-08-14
W00805,U0147,S027,126,2026-09-02
W00806,U0354,S011,63,2026-06-03
W00807,U0173,S015,149,2026-06-28
W00808,U0246,S021,148,2026-07-15
W00809,U0487,S028,14,2026-04-05
W00810,U0465,S024,29,2026-04-16
W00811,U0425,S014,21,2026-03-25
W00812,U0070,S017,124,2026-04-15
W00813,U0147,S026,57,2026-08-20
W00814,U0108,S012,61,2026-06-01
W00815,U0352,S006,111,2026-03-23
W00816,U0075,S001,160,2026-04-19
W00817,U0399,S027,91,2026-04-26
W00818,U0092,S019,13,2026-04-19
W00819,U0391,S013,172,2026-08-13
W00820,U0048,S009,81,2026-06-26
W00821,U0116,S013,90,2026-08-15
W00822,U0337,S017,105,2026-07-01
W00823,U0328,S019,72,2026-07-21
W00824,U0294,S003,78,2026-08-15
W00825,U0013,S015,40,2026-07-28
W00826,U0208,S018,31,2026-05-22
W00827,U0349,S022,180,2026-04-14
W00828,U0323,S022,147,2026-06-28
W00829,U0298,S030,30,2026-08-05
W00830,U0464,S012,178,2026-06-17
W00831,U0152,S003,39,2026-04-22
W00832,U0057,S030,56,2026-04-29
W00833,U0163,S019,123,2026-03-29
W00834,U0264,S026,122,2026-09-05
W00835,U0488,S007,39,2026-09-02
W00836,U0135,S003,74,2026-03-28
W00837,U0292,S025,46,2026-08-14
W00838,U0001,S015,46,2026-07-13
W00839,U0141,S008,145,2026-04-30
W00840,U0389,S028,137,2026-08-13
W00841,U0201,S001,173,2026-08-18
W00842,U0035,S002,113,2026-08-27
W00843,U0023,S009,43,2026-05-30
W00844,U0430,S014,137,2026-08-13
W00845,U0260,S030,111,2026-06-05
W00846,U0075,S003,81,2026-08-26
W00847,U0259,S014,43,2026-07-26
W00848,U0045,S029,92,2026-09-08
W00849,U0123,S006,25,2026-05-03
W00850,U0066,S008,154,2026-07-25
W00851,U0375,S002,133,2026-05-11
W00852,U0144,S006,75,2026-04-24
W00853,U0450,S026,22,2026-07-22
W00854,U0184,S015,168,2026-09-12
W00855,U0290,S007,145,2026-05-14
W00856,U0215,S014,129,2026-09-16
W00857,U0382,S023,36,2026-04-25
W00858,U0118,S029,62,2026-04-02
W00859,U0295,S001,154,2026-08-16
W00860,U0233,S030,22,2026-04-24
W00861,U0021,S019,62,2026-08-15
W00862,U0275,S025,34,2026-07-11
W00863,U0214,S017,32,2026-08-21
W00864,U0032,S030,83,2026-07-04
W00865,U0010,S004,63,2026-04-20
W00866,U0052,S020,169,2026-06-19
W00867,U0370,S014,165,2026-07-18
W00868,U0366,S020,62,2026-06-22
W00869,U0408,S015,31,2026-07-13
W00870,U0030,S004,68,2026-09-15
W00871,U0471,S008,21,2026-09-13
W00872,U0119,S014,43,2026-05-05
W00873,U0338,S024,107,2026-07-03
W00874,U0127,S011,114,2026-08-19
W00875,U0204,S017,88,2026-09-17
W00876,U0441,S017,102,2026-05-09
W00877,U0154,S018,105,2026-05-04
W00878,U0214,S006,96,2026-04-25
W00879,U0088,S018,17,2026-04-24
W00880,U0425,S006,78,2026-05-18
W00881,U0428,S025,73,2026-07-08
W00882,U0157,S028,148,2026-06-23
W00883,U0121,S001,116,2026-05-26
W00884,U0147,S009,164,2026-07-11
W00885,U0162,S012,109,2026-06-05
W00886,U0338,S015,60,2026-04-28
W00887,U0141,S019,121,2026-04-25
W00888,U0056,S012,174,2026-05-13
W00889,U0401,S026,166,2026-05-16
W00890,U0417,S028,129,2026-04-05
W00891,U0439,S010,32,2026-04-11
W00892,U0213,S021,22,2026-07-28
W00893,U0101,S001,33,2026-04-18
W00894,U0364,S011,26,2026-04-04
W00895,U0452,S015,34,2026-07-03
W00896,U0094,S009,30,2026-05-03
W00897,U0340,S019,149,2026-04-11
W00898,U0293,S010,154,2026-05-13
W00899,U0101,S022,57,2026-07-18
W00900,U0359,S028,50,2026-06-07
W00901,U0355,S015,155,2026-07-05
W00902,U0256,S014,114,2026-04-02
W00903,U0380,S007,22,2026-04-18
W00904,U0210,S005,150,2026-05-10
W00905,U0100,S002,25,2026-07-15
W00906,U0137,S009,175,2026-09-08
W00907,U0459,S022,109,2026-06-14
W00908,U0109,S023,171,2026-06-16
W00909,U0393,S024,17,2026-09-10
W00910,U0263,S004,27,2026-04-19
W00911,U0003,S028,79,2026-09-11
W00912,U0492,S012,158,2026-06-06
W00913,U0028,S008,63,2026-09-04
W00914,U0438,S001,109,2026-04-03
W00915,U0021,S028,22,2026-05-04
W00916,U0313,S017,127,2026-05-04
W00917,U0054,S010,62,2026-09-18
W00918,U0044,S015,62,2026-05-25
W00919,U0074,S014,22,2026-09-01
W00920,U0165,S006,33,2026-04-21
W00921,U0258,S022,90,2026-09-06
W00922,U0356,S014,147,2026-06-02
W00923,U0163,S025,140,2026-04-28
W00924,U0111,S006,26,2026-06-02
W00925,U0268,S022,125,2026-09-08
W00926,U0024,S029,180,2026-09-12
W00927,U0409,S004,131,2026-08-14
W00928,U0188,S026,74,2026-09-15
W00929,U0340,S023,165,2026-03-29
W00930,U0272,S015,113,2026-04-07
W00931,U0092,S026,36,2026-07-03
W00932,U0181,S010,171,2026-08-02
W00933,U0421,S006,144,2026-05-09
W00934,U0480,S021,162,2026-06-30
W00935,U0033,S023,16,2026-07-03
W00936,U0244,S025,135,2026-07-14
W00937,U0012,S016,52,2026-05-21
W00938,U0373,S004,144,2026-04-03
W00939,U0228,S015,60,2026-07-30
W00940,U0457,S011,17,2026-05-05
W00941,U0225,S023,54,2026-07-23
W00942,U0214,S027,141,2026-05-14
W00943,U0104,S003,166,2026-07-20
W00944,U0489,S029,107,2026-07-22
W00945,U0226,S028,88,2026-04-08
W00946,U0124,S023,13,2026-04-27
W00947,U0090,S008,146,2026-04-04
W00948,U0119,S005,65,2026-07-12
W00949,U0096,S020,84,2026-09-09
W00950,U0143,S028,31,2026-04-12
W00951,U0233,S017,68,2026-09-05
W00952,U0090,S012,115,2026-04-03
W00953,U0441,S026,34,2026-05-03
W00954,U0394,S027,54,2026-05-27
W00955,U0339,S011,113,2026-05-08
W00956,U0068,S015,104,2026-06-01
W00957,U0412,S011,74,2026-04-06
W00958,U0049,S015,61,2026-04-07
W00959,U0102,S024,66,2026-08-08
W00960,U0047,S009,35,2026-09-15
W00961,U0241,S018,14,2026-07-22
W00962,U0084,S020,114,2026-09-18
W00963,U0459,S024,63,2026-05-13
W00964,U0161,S018,175,2026-07-05
W00965,U0411,S002,24,2026-05-20
W00966,U0224,S029,131,2026-04-24
W00967,U0277,S014,143,2026-09-10
W00968,U0294,S030,95,2026-06-15
W00969,U0446,S018,87,2026-04-10
W00970,U0202,S014,150,2026-05-14
W00971,U0223,S030,12,2026-08-11
W00972,U0478,S006,102,2026-04-13
W00973,U0008,S012,117,2026-08-17
W00974,U0161,S017,84,2026-04-05
W00975,U0333,S018,20,2026-04-08
W00976,U0351,S028,79,2026-08-03
W00977,U0169,S016,77,2026-04-26
W00978,U0355,S028,57,2026-09-10
W00979,U0184,S027,99,2026-08-06
W00980,U0446,S025,85,2026-04-08
W00981,U0139,S005,98,2026-08-21
W00982,U0274,S019,64,2026-04-23
W00983,U0358,S022,163,2026-04-08
W00984,U0390,S004,117,2026-04-26
W00985,U0371,S029,68,2026-05-10
W00986,U0125,S002,26,2026-09-10
W00987,U0107,S011,89,2026-07-02
W00988,U0450,S002,17,2026-04-21
W00989,U0141,S010,17,2026-05-02
W00990,U0478,S004,103,2026-05-28
W00991,U0321,S011,48,2026-04-08
W00992,U0081,S027,93,2026-05-17
W00993,U0088,S018,95,2026-07-30
W00994,U0093,S022,53,2026-08-11
W00995,U0137,S005,83,2026-09-11
W00996,U0036,S005,165,2026-07-07
W00997,U0426,S011,179,2026-04-08
W00998,U0252,S008,75,2026-04-28
W00999,U0055,S008,100,2026-07-30
W01000,U0278,S005,164,2026-05-09
W01001,U0377,S029,117,2026-08-07
W01002,U0141,S013,19,2026-07-31
W01003,U0228,S009,164,2026-07-01
W01004,U0034,S019,138,2026-09-07
W01005,U0160,S025,102,2026-05-08
W01006,U0327,S017,76,2026-07-09
W01007,U0468,S020,126,2026-04-18
W01008,U0094,S003,108,2026-03-28
W01009,U0113,S007,100,2026-08-02
W01010,U0346,S014,26,2026-06-04
W01011,U0274,S013,125,2026-08-03
W01012,U0349,S020,100,2026-05-29
W01013,U0082,S004,123,2026-06-22
W01014,U0257,S026,163,2026-08-20
W01015,U0365,S020,125,2026-07-24
W01016,U0343,S010,68,2026-08-10
W01017,U0203,S009,114,2026-08-18
W01018,U0389,S026,154,2026-05-18
W01019,U0278,S002,178,2026-07-03
W01020,U0221,S004,148,2026-03-23
W01021,U0312,S019,158,2026-08-03
W01022,U0099,S012,35,2026-08-20
W01023,U0371,S019,118,2026-06-13
W01024,U0188,S007,56,2026-05-31
W01025,U0327,S026,49,2026-04-21
W01026,U0133,S021,141,2026-09-01
W01027,U0279,S010,93,2026-09-09
W01028,U0399,S018,125,2026-04-16
W01029,U0109,S029,145,2026-04-16
W01030,U0041,S016,156,2026-06-09
W01031,U0112,S007,55,2026-07-28
W01032,U0412,S014,77,2026-06-07
W01033,U0378,S015,174,2026-08-31
W01034,U0385,S003,120,2026-03-26
W01035,U0280,S027,49,2026-07-11
W01036,U0447,S029,173,2026-09-16
W01037,U0482,S029,33,2026-07-27
W01038,U0024,S010,13,2026-07-27
W01039,U0323,S002,125,2026-07-30
W01040,U0279,S013,78,2026-07-13
W01041,U0351,S030,71,2026-08-15
W01042,U0169,S025,63,2026-06-09
W01043,U0326,S005,66,2026-09-11
W01044,U0138,S008,144,2026-08-19
W01045,U0103,S006,94,2026-05-21
W01046,U0317,S020,12,2026-05-09
W01047,U0384,S019,95,2026-04-04
W01048,U0303,S004,85,2026-06-23
W01049,U0038,S019,173,2026-06-05
W01050,U0239,S009,150,2026-05-14
W01051,U0343,S026,59,2026-04-17
W01052,U0030,S030,110,2026-08-07
W01053,U0025,S016,164,2026-06-15
W01054,U0435,S014,135,2026-05-11
W01055,U0496,S027,56,2026-07-03
W01056,U0374,S004,48,2026-08-12
W01057,U0016,S024,31,2026-05-01
W01058,U0213,S022,158,2026-07-21
W01059,U0456,S017,25,2026-07-16
W01060,U0059,S023,40,2026-05-12
W01061,U0426,S010,41,2026-08-03
W01062,U0443,S002,18,2026-08-08
W01063,U0465,S011,19,2026-03-23
W01064,U0214,S025,26,2026-08-01
W01065,U0324,S016,120,2026-06-21
W01066,U0153,S027,158,2026-07-30
W01067,U0357,S006,74,2026-05-06
W01068,U0191,S025,60,2026-07-11
W01069,U0292,S017,136,2026-09-07
W01070,U0088,S002,113,2026-07-09
W01071,U0271,S007,132,2026-06-18
W01072,U0198,S001,160,2026-05-02
W01073,U0378,S007,135,2026-04-04
W01074,U0313,S017,171,2026-04-22
W01075,U0251,S009,82,2026-07-11
W01076,U0141,S006,15,2026-05-13
W01077,U0340,S020,12,2026-08-14
W01078,U0337,S017,85,2026-07-08
W01079,U0368,S015,118,2026-08-20
W01080,U0183,S001,90,2026-05-13
W01081,U0451,S026,24,2026-08-09
W01082,U0100,S004,155,2026-08-09
W01083,U0369,S019,52,2026-09-17
W01084,U0372,S003,87,2026-08-18
W01085,U0314,S001,23,2026-08-03
W01086,U0162,S029,141,2026-04-13
W01087,U0216,S027,166,2026-06-02
W01088,U0339,S006,130,2026-07-15
W01089,U0481,S017,177,2026-08-04
W01090,U0339,S021,36,2026-05-19
W01091,U0336,S006,22,2026-07-29
W01092,U0240,S030,156,2026-04-17
W01093,U0204,S016,132,2026-07-10
W01094,U0043,S010,98,2026-08-10
W01095,U0148,S004,160,2026-05-29
W01096,U0002,S024,31,2026-07-31
W01097,U0371,S025,81,2026-07-01
W01098,U0007,S014,128,2026-04-16
W01099,U0451,S018,25,2026-07-25
W01100,U0083,S019,81,2026-04-22
W01101,U0124,S001,122,2026-07-27
W01102,U0012,S030,62,2026-04-25
W01103,U0331,S005,36,2026-04-24
W01104,U0140,S017,143,2026-05-12
W01105,U0097,S005,66,2026-08-17
W01106,U0412,S014,78,2026-05-08
W01107,U0118,S024,68,2026-06-28
W01108,U0033,S030,59,2026-08-03
W01109,U0368,S009,28,2026-07-04
W01110,U0214,S005,132,2026-06-17
W01111,U0450,S030,56,2026-09-02
W01112,U0167,S004,42,2026-04-16
W01113,U0141,S020,144,2026-05-02
W01114,U0079,S023,23,2026-07-03
W01115,U0215,S019,137,2026-08-04
W01116,U0310,S029,157,2026-08-25
W01117,U0029,S024,91,2026-07-12
W01118,U0319,S010,114,2026-09-13
W01119,U0057,S008,71,2026-08-21
W01120,U0157,S010,26,2026-04-18
W01121,U0322,S006,67,2026-06-24
W01122,U0325,S028,71,2026-07-10
W01123,U0169,S005,91,2026-08-11
W01124,U0474,S020,178,2026-07-31
W01125,U0433,S027,80,2026-06-09
W01126,U0387,S010,107,2026-08-31
W01127,U0345,S003,11,2026-06-30
W01128,U0124,S024,83,2026-05-24
W01129,U0166,S022,163,2026-07-03
W01130,U0427,S023,48,2026-06-05
W01131,U0219,S029,29,2026-07-19
W01132,U0475,S009,157,2026-05-20
W01133,U0108,S019,93,2026-06-11
W01134,U0483,S015,75,2026-05-07
W01135,U0414,S021,43,2026-05-28
W01136,U0406,S003,143,2026-06-22
W01137,U0207,S027,19,2026-07-28
W01138,U0073,S001,105,2026-05-31
W01139,U0048,S006,109,2026-08-31
W01140,U0059,S028,11,2026-07-06
W01141,U0413,S004,74,2026-07-09
W01142,U0083,S026,19,2026-05-10
W01143,U0309,S015,68,2026-04-08
W01144,U0150,S019,57,2026-07-15
W01145,U0405,S027,31,2026-07-18
W01146,U0356,S002,167,2026-06-15
W01147,U0025,S013,37,2026-06-30
W01148,U0449,S017,54,2026-06-25
W01149,U0068,S007,58,2026-03-27
W01150,U0137,S004,92,2026-08-07
W01151,U0385,S010,173,2026-07-21
W01152,U0073,S013,55,2026-07-17
W01153,U0106,S006,175,2026-05-09
W01154,U0145,S010,123,2026-04-23
W01155,U0283,S022,172,2026-07-23
W01156,U0244,S027,94,2026-08-25
W01157,U0127,S025,165,2026-07-05
W01158,U0367,S015,141,2026-05-01
W01159,U0093,S027,82,2026-06-06
W01160,U0411,S026,156,2026-04-01
W01161,U0248,S028,26,2026-08-09
W01162,U0043,S025,50,2026-05-26
W01163,U0170,S018,177,2026-04-04
W01164,U0039,S017,160,2026-08-28
W01165,U0111,S020,56,2026-04-13
W01166,U0063,S001,119,2026-08-16
W01167,U0069,S011,43,2026-05-18
W01168,U0296,S011,70,2026-08-13
W01169,U0434,S003,71,2026-06-08
W01170,U0314,S001,84,2026-06-30
W01171,U0016,S018,103,2026-04-10
W01172,U0304,S023,147,2026-07-14
W01173,U0338,S006,136,2026-06-23
W01174,U0275,S004,72,2026-08-07
W01175,U0077,S024,140,2026-06-23
W01176,U0458,S006,74,2026-06-26
W01177,U0376,S027,17,2026-06-12
W01178,U0179,S014,82,2026-09-13
W01179,U0390,S011,98,2026-04-12
W01180,U0295,S017,37,2026-06-29
W01181,U0353,S022,46,2026-09-03
W01182,U0137,S018,65,2026-05-21
W01183,U0187,S021,11,2026-07-03
W01184,U0445,S026,116,2026-06-12
W01185,U0123,S028,177,2026-07-07
W01186,U0420,S018,116,2026-07-11
W01187,U0037,S015,101,2026-08-01
W01188,U0018,S002,72,2026-05-03
W01189,U0150,S011,13,2026-06-21
W01190,U0214,S007,70,2026-08-07
W01191,U0363,S022,97,2026-04-19
W01192,U0324,S028,138,2026-06-11
W01193,U0311,S003,175,2026-03-24
W01194,U0242,S025,138,2026-05-15
W01195,U0102,S006,94,2026-09-09
W01196,U0496,S029,142,2026-07-31
W01197,U0497,S010,101,2026-05-13
W01198,U0021,S018,118,2026-04-28
W01199,U0303,S020,92,2026-08-07
W01200,U0291,S004,78,2026-08-19
W01201,U0129,S004,149,2026-08-23
W01202,U0444,S027,65,2026-04-11
W01203,U0234,S023,162,2026-06-19
W01204,U0277,S029,72,2026-07-28
W01205,U0378,S020,97,2026-08-01
W01206,U0153,S013,64,2026-05-16
W01207,U0302,S023,105,2026-05-26
W01208,U0389,S004,119,2026-06-15
W01209,U0490,S017,115,2026-07-17
W01210,U0314,S007,89,2026-08-21
W01211,U0097,S017,70,2026-04-17
W01212,U0137,S006,118,2026-03-24
W01213,U0035,S007,159,2026-05-08
W01214,U0425,S022,14,2026-07-08
W01215,U0426,S023,85,2026-03-30
W01216,U0471,S016,167,2026-08-07
W01217,U0313,S022,38,2026-07-08
W01218,U0239,S005,96,2026-08-10
W01219,U0141,S014,125,2026-05-16
W01220,U0495,S016,160,2026-05-16
W01221,U0045,S017,113,2026-07-09
W01222,U0085,S002,143,2026-04-13
W01223,U0108,S018,103,2026-08-22
W01224,U0150,S022,42,2026-05-15
W01225,U0414,S017,135,2026-04-09
W01226,U0235,S010,131,2026-07-29
W01227,U0138,S015,124,2026-07-24
W01228,U0420,S002,37,2026-05-18
W01229,U0011,S014,176,2026-03-23
W01230,U0247,S015,136,2026-05-08
W01231,U0147,S022,152,2026-07-29
W01232,U0382,S028,161,2026-04-26
W01233,U0072,S011,146,2026-09-16
W01234,U0175,S001,28,2026-03-23
W01235,U0195,S010,177,2026-08-08
W01236,U0175,S010,166,2026-08-01
W01237,U0434,S002,150,2026-08-15
W01238,U0246,S001,171,2026-08-27
W01239,U0093,S016,57,2026-07-14
W01240,U0433,S021,73,2026-08-26
W01241,U0317,S029,48,2026-04-28
W01242,U0128,S024,35,2026-04-28
W01243,U0017,S007,22,2026-05-30
W01244,U0325,S026,58,2026-07-02
W01245,U0451,S007,67,2026-05-28
W01246,U0305,S007,62,2026-04-30
W01247,U0193,S017,71,2026-04-26
W01248,U0017,S011,34,2026-04-27
W01249,U0251,S029,140,2026-03-27
W01250,U0207,S029,126,2026-08-14
W01251,U0491,S026,133,2026-05-02
W01252,U0144,S025,63,2026-05-02
W01253,U0156,S009,129,2026-03-30
W01254,U0312,S001,102,2026-08-25
W01255,U0086,S016,178,2026-09-09
W01256,U0499,S012,127,2026-05-21
W01257,U0233,S007,166,2026-06-21
W01258,U0339,S019,178,2026-08-09
W01259,U0429,S015,140,2026-07-23
W01260,U0139,S021,39,2026-08-13
W01261,U0057,S008,155,2026-04-20
W01262,U0435,S016,145,2026-05-10
W01263,U0022,S006,113,2026-04-23
W01264,U0292,S015,125,2026-07-26
W01265,U0313,S017,91,2026-04-18
W01266,U0322,S013,54,2026-08-07
W01267,U0335,S020,132,2026-05-20
W01268,U0234,S029,76,2026-04-29
W01269,U0339,S003,73,2026-06-22
W01270,U0040,S027,71,2026-08-03
W01271,U0132,S027,69,2026-09-09
W01272,U0372,S011,131,2026-05-13
W01273,U0479,S011,105,2026-08-12
W01274,U0347,S030,139,2026-04-01
W01275,U0062,S017,146,2026-07-21
W01276,U0348,S028,70,2026-08-19
W01277,U0207,S016,162,2026-06-17
W01278,U0420,S008,67,2026-03-29
W01279,U0357,S016,71,2026-06-22
W01280,U0295,S026,108,2026-05-25
W01281,U0485,S019,53,2026-08-28
W01282,U0029,S027,80,2026-07-16
W01283,U0092,S009,136,2026-06-30
W01284,U0220,S006,166,2026-05-28
W01285,U0442,S017,153,2026-09-05
W01286,U0215,S003,30,2026-05-26
W01287,U0064,S026,45,2026-04-04
W01288,U0490,S005,71,2026-05-05
W01289,U0426,S012,179,2026-05-20
W01290,U0445,S013,20,2026-09-11
W01291,U0054,S016,17,2026-07-27
W01292,U0104,S027,66,2026-07-15
W01293,U0040,S013,139,2026-05-16
W01294,U0094,S030,147,2026-04-25
W01295,U0300,S011,89,2026-04-24
W01296,U0081,S026,11,2026-09-13
W01297,U0178,S012,124,2026-08-30
W01298,U0346,S023,155,2026-08-29
W01299,U0318,S017,137,2026-07-03
W01300,U0062,S006,175,2026-07-30
W01301,U0451,S030,70,2026-05-30
W01302,U0129,S030,165,2026-05-29
W01303,U0405,S026,119,2026-08-07
W01304,U0269,S027,109,2026-08-06
W01305,U0391,S022,83,2026-07-22
W01306,U0487,S021,141,2026-08-14
W01307,U0480,S023,128,2026-04-07
W01308,U0326,S024,93,2026-06-04
W01309,U0357,S020,170,2026-05-11
W01310,U0028,S008,10,2026-08-30
W01311,U0165,S022,79,2026-04-15
W01312,U0381,S021,105,2026-07-28
W01313,U0163,S015,14,2026-05-19
W01314,U0316,S024,55,2026-07-02
W01315,U0178,S016,143,2026-07-29
W01316,U0217,S024,119,2026-04-18
W01317,U0187,S024,166,2026-03-31
W01318,U0455,S008,86,2026-04-30
W01319,U0230,S018,11,2026-07-17
W01320,U0264,S011,134,2026-07-17
W01321,U0256,S006,36,2026-06-23
W01322,U0276,S012,52,2026-06-12
W01323,U0445,S027,70,2026-07-13
W01324,U0458,S003,118,2026-04-01
W01325,U0347,S003,104,2026-08-20
W01326,U0143,S016,22,2026-07-16
W01327,U0369,S003,158,2026-09-01
W01328,U0499,S022,167,2026-08-06
W01329,U0304,S021,44,2026-07-18
W01330,U0086,S006,168,2026-04-13
W01331,U0462,S024,123,2026-06-26
W01332,U0433,S004,169,2026-06-05
W01333,U0183,S015,108,2026-07-04
W01334,U0003,S016,94,2026-06-08
W01335,U0125,S010,92,2026-06-11
W01336,U0025,S004,70,2026-05-25
W01337,U0029,S019,180,2026-07-24
W01338,U0450,S010,70,2026-08-31
W01339,U0427,S025,29,2026-07-12
W01340,U0048,S019,96,2026-06-01
W01341,U0408,S011,119,2026-05-22
W01342,U0482,S023,37,2026-05-06
W01343,U0197,S027,142,2026-04-27
W01344,U0051,S021,21,2026-09-11
W01345,U0050,S004,122,2026-05-03
W01346,U0170,S020,175,2026-05-24
W01347,U0409,S014,41,2026-04-15
W01348,U0395,S029,155,2026-04-15
W01349,U0155,S023,129,2026-08-09
W01350,U0471,S011,30,2026-05-13
W01351,U0428,S005,96,2026-09-05
W01352,U0425,S027,98,2026-05-27
W01353,U0489,S022,159,2026-04-29
W01354,U0339,S001,73,2026-07-05
W01355,U0327,S004,152,2026-03-25
W01356,U0104,S012,159,2026-06-30
W01357,U0214,S018,102,2026-07-09
W01358,U0430,S014,157,2026-08-31
W01359,U0434,S016,170,2026-05-17
W01360,U0375,S027,52,2026-09-01
W01361,U0207,S012,49,2026-04-26
W01362,U0118,S020,175,2026-07-16
W01363,U0131,S028,99,2026-04-02
W01364,U0094,S013,75,2026-07-28
W01365,U0293,S017,75,2026-07-19
W01366,U0292,S022,35,2026-07-21
W01367,U0075,S008,117,2026-08-29
W01368,U0424,S011,159,2026-06-06
W01369,U0148,S008,38,2026-07-01
W01370,U0296,S026,167,2026-04-03
W01371,U0209,S020,125,2026-05-28
W01372,U0439,S016,71,2026-06-23
W01373,U0235,S007,54,2026-08-24
W01374,U0443,S015,164,2026-04-04
W01375,U0181,S023,97,2026-05-17
W01376,U0256,S009,172,2026-06-02
W01377,U0179,S020,46,2026-05-10
W01378,U0234,S017,128,2026-03-29
W01379,U0313,S008,104,2026-04-11
W01380,U0373,S030,119,2026-05-06
W01381,U0276,S028,62,2026-09-06
W01382,U0119,S012,26,2026-03-25
W01383,U0064,S010,103,2026-05-31
W01384,U0413,S019,20,2026-07-29
W01385,U0098,S018,80,2026-08-12
W01386,U0364,S026,43,2026-04-01
W01387,U0251,S020,59,2026-04-07
W01388,U0358,S024,147,2026-08-16
W01389,U0416,S020,24,2026-07-08
W01390,U0485,S020,140,2026-07-06
W01391,U0293,S030,49,2026-07-24
W01392,U0072,S008,65,2026-06-16
W01393,U0407,S008,148,2026-08-03
W01394,U0110,S008,102,2026-09-13
W01395,U0350,S024,69,2026-08-10
W01396,U0138,S007,37,2026-07-05
W01397,U0049,S004,134,2026-04-17
W01398,U0013,S004,110,2026-08-29
W01399,U0282,S022,13,2026-07-14
W01400,U0223,S018,175,2026-08-02
W01401,U0383,S024,136,2026-09-04
W01402,U0376,S023,31,2026-04-26
W01403,U0130,S023,20,2026-09-15
W01404,U0476,S014,105,2026-08-05
W01405,U0190,S005,19,2026-06-26
W01406,U0424,S014,161,2026-07-23
W01407,U0355,S012,121,2026-05-11
W01408,U0316,S030,96,2026-04-27
W01409,U0145,S001,66,2026-03-31
W01410,U0439,S010,18,2026-06-23
W01411,U0278,S013,98,2026-06-11
W01412,U0176,S018,124,2026-07-04
W01413,U0460,S008,154,2026-08-02
W01414,U0399,S010,24,2026-07-01
W01415,U0463,S023,176,2026-08-24
W01416,U0013,S017,41,2026-06-10
W01417,U0393,S008,157,2026-07-15
W01418,U0218,S027,91,2026-05-11
W01419,U0333,S016,85,2026-06-09
W01420,U0428,S006,80,2026-05-18
W01421,U0249,S003,57,2026-09-07
W01422,U0018,S016,48,2026-05-06
W01423,U0196,S027,98,2026-08-17
W01424,U0224,S030,150,2026-04-27
W01425,U0365,S017,143,2026-05-11
W01426,U0467,S013,99,2026-09-11
W01427,U0270,S022,141,2026-07-24
W01428,U0039,S008,34,2026-09-18
W01429,U0333,S027,175,2026-09-06
W01430,U0120,S028,62,2026-08-27
W01431,U0222,S003,165,2026-07-06
W01432,U0131,S013,159,2026-09-04
W01433,U0096,S029,175,2026-08-05
W01434,U0200,S023,81,2026-04-26
W01435,U0318,S025,15,2026-05-28
W01436,U0206,S003,147,2026-08-22
W01437,U0387,S027,85,2026-09-10
W01438,U0177,S027,40,2026-05-07
W01439,U0349,S005,61,2026-09-16
W01440,U0345,S009,40,2026-04-27
W01441,U0254,S021,93,2026-06-07
W01442,U0487,S022,141,2026-07-24
W01443,U0013,S013,136,2026-06-30
W01444,U0426,S018,29,2026-04-19
W01445,U0500,S013,90,2026-04-02
W01446,U0438,S004,138,2026-08-22
W01447,U0399,S013,26,2026-07-18
W01448,U0408,S026,81,2026-09-14
W01449,U0498,S027,118,2026-07-20
W01450,U0279,S014,81,2026-07-06
W01451,U0264,S027,120,2026-06-28
W01452,U0187,S013,176,2026-07-07
W01453,U0229,S017,165,2026-05-24
W01454,U0473,S029,25,2026-05-29
W01455,U0375,S002,154,2026-07-05
W01456,U0286,S007,22,2026-05-11
W01457,U0096,S018,103,2026-09-04
W01458,U0338,S013,180,2026-05-03
W01459,U0469,S030,158,2026-05-14
W01460,U0112,S023,90,2026-08-01
W01461,U0424,S019,125,2026-06-10
W01462,U0143,S009,117,2026-04-19
W01463,U0479,S021,137,2026-08-17
W01464,U0180,S030,170,2026-04-15
W01465,U0313,S020,146,2026-05-05
W01466,U0182,S015,10,2026-08-24
W01467,U0044,S003,84,2026-07-09
W01468,U0098,S016,18,2026-06-28
W01469,U0288,S015,149,2026-03-23
W01470,U0481,S013,145,2026-08-05
W01471,U0072,S027,21,2026-04-05
W01472,U0321,S011,51,2026-08-01
W01473,U0190,S019,148,2026-05-29
W01474,U0103,S011,104,2026-04-05
W01475,U0273,S001,169,2026-06-12
W01476,U0221,S021,94,2026-08-31
W01477,U0424,S023,65,2026-05-22
W01478,U0390,S022,111,2026-06-06
W01479,U0421,S013,63,2026-08-30
W01480,U0200,S009,124,2026-06-22
W01481,U0139,S024,58,2026-05-07
W01482,U0149,S019,72,2026-05-31
W01483,U0104,S019,112,2026-05-23
W01484,U0156,S027,26,2026-06-05
W01485,U0006,S019,37,2026-06-02
W01486,U0450,S006,128,2026-07-29
W01487,U0293,S019,77,2026-05-31
W01488,U0214,S026,52,2026-06-21
W01489,U0164,S026,22,2026-06-08
W01490,U0308,S026,41,2026-05-01
W01491,U0465,S009,92,2026-07-05
W01492,U0186,S028,108,2026-06-03
W01493,U0238,S008,37,2026-08-17
W01494,U0385,S010,57,2026-04-12
W01495,U0296,S001,123,2026-06-01
W01496,U0388,S006,164,2026-09-12
W01497,U0137,S015,153,2026-06-17
W01498,U0184,S012,40,2026-05-05
W01499,U0472,S023,151,2026-06-08
W01500,U0237,S025,43,2026-05-20
W01501,U0067,S026,161,2026-09-05
W01502,U0118,S010,82,2026-08-16
W01503,U0282,S020,113,2026-09-04
W01504,U0010,S019,76,2026-07-17
W01505,U0152,S005,36,2026-07-12
W01506,U0464,S017,24,2026-08-25
W01507,U0163,S012,114,2026-08-06
W01508,U0181,S012,35,2026-04-22
W01509,U0175,S002,104,2026-05-19
W01510,U0434,S020,149,2026-04-21
W01511,U0471,S004,96,2026-07-10
W01512,U0176,S023,121,2026-04-30
W01513,U0129,S022,98,2026-07-10
W01514,U0066,S030,140,2026-08-20
W01515,U0378,S021,93,2026-09-05
W01516,U0433,S020,125,2026-06-11
W01517,U0294,S029,152,2026-06-20
W01518,U0250,S014,55,2026-04-26
W01519,U0025,S021,130,2026-07-10
W01520,U0378,S005,79,2026-07-23
W01521,U0113,S011,121,2026-06-27
W01522,U0364,S015,100,2026-06-09
W01523,U0018,S021,113,2026-07-02
W01524,U0151,S003,49,2026-04-18
W01525,U0242,S010,98,2026-09-09
W01526,U0180,S017,70,2026-06-11
W01527,U0192,S005,131,2026-09-11
W01528,U0237,S021,64,2026-06-04
W01529,U0037,S024,111,2026-04-12
W01530,U0349,S005,82,2026-06-21
W01531,U0059,S016,11,2026-05-03
W01532,U0449,S008,60,2026-05-16
W01533,U0030,S011,117,2026-04-20
W01534,U0332,S007,99,2026-07-12
W01535,U0205,S027,134,2026-07-04
W01536,U0438,S028,131,2026-08-04
W01537,U0094,S009,112,2026-06-09
W01538,U0223,S026,171,2026-03-30
W01539,U0247,S020,98,2026-04-22
W01540,U0076,S001,31,2026-06-30
W01541,U0040,S005,120,2026-04-07
W01542,U0385,S001,179,2026-05-01
W01543,U0405,S015,31,2026-03-30
W01544,U0166,S003,17,2026-06-09
W01545,U0190,S015,26,2026-06-02
W01546,U0017,S022,99,2026-05-06
W01547,U0141,S017,175,2026-03-29
W01548,U0337,S016,87,2026-05-31
W01549,U0429,S006,172,2026-07-24
W01550,U0366,S014,81,2026-05-05
W01551,U0445,S015,63,2026-08-15
W01552,U0283,S013,168,2026-07-15
W01553,U0245,S024,172,2026-07-11
W01554,U0060,S006,67,2026-07-27
W01555,U0305,S023,171,2026-04-06
W01556,U0026,S015,14,2026-07-23
W01557,U0474,S020,143,2026-07-05
W01558,U0198,S027,155,2026-05-31
W01559,U0388,S017,23,2026-04-20
W01560,U0462,S013,144,2026-09-02
W01561,U0384,S012,128,2026-07-01
W01562,U0399,S019,72,2026-07-02
W01563,U0491,S015,172,2026-05-21
W01564,U0337,S003,156,2026-06-27
W01565,U0404,S004,172,2026-05-03
W01566,U0416,S026,53,2026-04-18
W01567,U0360,S024,70,2026-08-22
W01568,U0381,S017,80,2026-09-15
W01569,U0363,S018,74,2026-04-23
W01570,U0355,S004,150,2026-06-06
W01571,U0454,S026,137,2026-08-22
W01572,U0398,S005,121,2026-07-03
W01573,U0463,S015,77,2026-04-12
W01574,U0296,S027,153,2026-05-01
W01575,U0190,S004,99,2026-06-08
W01576,U0284,S013,40,2026-09-04
W01577,U0259,S022,145,2026-09-13
W01578,U0280,S015,180,2026-06-17
W01579,U0159,S009,54,2026-08-31
W01580,U0450,S008,80,2026-06-19
W01581,U0364,S019,112,2026-05-03
W01582,U0490,S029,66,2026-07-05
W01583,U0464,S003,39,2026-09-04
W01584,U0458,S006,155,2026-03-24
W01585,U0370,S005,126,2026-05-14
W01586,U0221,S007,69,2026-08-08
W01587,U0098,S011,135,2026-05-28
W01588,U0173,S023,103,2026-05-17
W01589,U0390,S024,131,2026-04-10
W01590,U0494,S012,13,2026-07-05
W01591,U0093,S023,15,2026-06-10
W01592,U0288,S010,155,2026-08-11
W01593,U0271,S008,131,2026-04-21
W01594,U0096,S009,15,2026-05-22
W01595,U0112,S024,132,2026-08-23
W01596,U0447,S003,115,2026-08-03
W01597,U0139,S011,154,2026-06-04
W01598,U0096,S004,90,2026-06-08
W01599,U0297,S019,142,2026-07-09
W01600,U0416,S022,44,2026-04-10
W01601,U0022,S001,159,2026-08-16
W01602,U0368,S023,20,2026-09-02
W01603,U0461,S027,12,2026-05-04
W01604,U0393,S028,85,2026-05-06
W01605,U0087,S014,27,2026-03-28
W01606,U0113,S027,82,2026-06-26
W01607,U0279,S010,92,2026-07-06
W01608,U0125,S015,78,2026-03-31
W01609,U0047,S020,39,2026-04-09
W01610,U0281,S028,121,2026-09-07
W01611,U0495,S025,83,2026-06-12
W01612,U0206,S010,67,2026-05-16
W01613,U0094,S023,136,2026-09-03
W01614,U0425,S025,87,2026-05-05
W01615,U0355,S020,57,2026-05-10
W01616,U0226,S010,108,2026-03-25
W01617,U0459,S011,94,2026-04-30
W01618,U0405,S022,144,2026-06-07
W01619,U0209,S030,73,2026-05-01
W01620,U0258,S012,130,2026-05-11
W01621,U0298,S018,63,2026-05-09
W01622,U0331,S016,27,2026-08-27
W01623,U0483,S021,99,2026-04-14
W01624,U0144,S006,117,2026-07-15
W01625,U0491,S015,57,2026-05-27
W01626,U0298,S012,86,2026-04-07
W01627,U0388,S007,139,2026-07-10
W01628,U0474,S027,164,2026-07-02
W01629,U0283,S015,81,2026-04-20
W01630,U0263,S015,128,2026-09-03
W01631,U0430,S008,133,2026-08-19
W01632,U0012,S013,52,2026-04-16
W01633,U0017,S029,129,2026-09-10
W01634,U0292,S021,17,2026-05-03
W01635,U0325,S026,45,2026-08-23
W01636,U0284,S022,102,2026-04-05
W01637,U0175,S012,110,2026-05-23
W01638,U0414,S023,153,2026-04-17
W01639,U0270,S010,80,2026-08-16
W01640,U0493,S020,133,2026-04-19
W01641,U0381,S005,38,2026-08-07
W01642,U0195,S015,28,2026-09-06
W01643,U0461,S010,30,2026-09-18
W01644,U0064,S005,36,2026-06-15
W01645,U0311,S020,38,2026-05-14
W01646,U0148,S025,79,2026-05-22
W01647,U0319,S004,139,2026-09-12
W01648,U0406,S016,155,2026-07-31
W01649,U0453,S022,109,2026-07-10
W01650,U0030,S013,28,2026-08-20
W01651,U0471,S002,150,2026-06-25
W01652,U0427,S030,127,2026-06-26
W01653,U0221,S004,31,2026-08-24
W01654,U0180,S020,120,2026-04-20
W01655,U0420,S009,156,2026-06-22
W01656,U0038,S006,125,2026-09-14
W01657,U0239,S015,157,2026-08-29
W01658,U0009,S004,59,2026-06-07
W01659,U0338,S005,157,2026-04-05
W01660,U0343,S030,84,2026-04-03
W01661,U0165,S022,77,2026-08-31
W01662,U0477,S012,43,2026-07-31
W01663,U0077,S010,146,2026-03-26
W01664,U0106,S007,77,2026-08-14
W01665,U0147,S010,168,2026-05-22
W01666,U0384,S003,94,2026-04-07
W01667,U0189,S019,104,2026-06-03
W01668,U0181,S002,125,2026-04-30
W01669,U0138,S002,69,2026-06-14
W01670,U0472,S017,105,2026-08-02
W01671,U0144,S016,55,2026-07-25
W01672,U0423,S021,168,2026-06-20
W01673,U0107,S024,138,2026-06-07
W01674,U0395,S023,94,2026-07-03
W01675,U0004,S007,163,2026-05-03
W01676,U0367,S018,149,2026-07-14
W01677,U0095,S017,101,2026-06-17
W01678,U0480,S001,56,2026-07-21
W01679,U0476,S021,115,2026-06-02
W01680,U0199,S002,115,2026-07-08
W01681,U0280,S004,117,2026-06-02
W01682,U0019,S026,49,2026-05-28
W01683,U0306,S011,84,2026-08-25
W01684,U0493,S003,21,2026-04-16
W01685,U0195,S010,36,2026-08-13
W01686,U0369,S022,58,2026-06-19
W01687,U0144,S002,69,2026-04-11
W01688,U0182,S030,93,2026-05-07
W01689,U0166,S028,34,2026-06-10
W01690,U0096,S029,19,2026-04-22
W01691,U0444,S010,49,2026-06-07
W01692,U0225,S013,114,2026-06-24
W01693,U0374,S010,56,2026-05-16
W01694,U0421,S022,31,2026-09-05
W01695,U0185,S020,116,2026-04-01
W01696,U0283,S009,89,2026-06-10
W01697,U0162,S026,98,2026-07-03
W01698,U0322,S012,177,2026-04-25
W01699,U0073,S012,99,2026-03-29
W01700,U0201,S010,105,2026-08-13
W01701,U0226,S016,29,2026-05-03
W01702,U0039,S028,75,2026-05-20
W01703,U0321,S019,133,2026-09-08
W01704,U0164,S024,164,2026-04-06
W01705,U0386,S025,87,2026-06-30
W01706,U0194,S029,24,2026-05-27
W01707,U0012,S005,165,2026-05-30
W01708,U0340,S029,112,2026-06-18
W01709,U0280,S021,147,2026-06-26
W01710,U0110,S014,110,2026-05-19
W01711,U0146,S024,151,2026-07-24
W01712,U0162,S026,85,2026-04-23
W01713,U0150,S024,45,2026-05-07
W01714,U0173,S004,31,2026-09-03
W01715,U0206,S016,109,2026-07-09
W01716,U0440,S025,105,2026-08-31
W01717,U0417,S013,173,2026-09-01
W01718,U0148,S018,47,2026-04-13
W01719,U0195,S023,118,2026-06-19
W01720,U0123,S016,158,2026-04-22
W01721,U0104,S019,149,2026-06-30
W01722,U0400,S017,96,2026-09-07
W01723,U0142,S029,55,2026-07-14
W01724,U0288,S015,53,2026-08-20
W01725,U0401,S009,63,2026-08-10
W01726,U0495,S012,107,2026-07-26
W01727,U0261,S013,36,2026-06-17
W01728,U0372,S023,113,2026-07-22
W01729,U0256,S027,88,2026-03-31
W01730,U0043,S001,40,2026-05-16
W01731,U0355,S017,92,2026-09-12
W01732,U0110,S022,41,2026-05-21
W01733,U0424,S013,44,2026-08-15
W01734,U0133,S009,38,2026-09-16
W01735,U0326,S025,104,2026-04-12
W01736,U0278,S002,78,2026-07-21
W01737,U0219,S025,81,2026-07-02
W01738,U0247,S001,96,2026-04-05
W01739,U0096,S011,176,2026-08-16
W01740,U0495,S022,97,2026-06-13
W01741,U0459,S029,63,2026-07-30
W01742,U0218,S016,108,2026-06-10
W01743,U0020,S014,136,2026-07-16
W01744,U0058,S021,120,2026-06-14
W01745,U0129,S017,166,2026-04-20
W01746,U0340,S006,17,2026-07-03
W01747,U0029,S016,170,2026-05-12
W01748,U0131,S028,172,2026-04-01
W01749,U0197,S027,117,2026-06-06
W01750,U0204,S020,118,2026-09-03
W01751,U0276,S009,176,2026-06-10
W01752,U0260,S019,28,2026-06-24
W01753,U0102,S027,180,2026-07-02
W01754,U0141,S013,95,2026-04-15
W01755,U0476,S020,120,2026-08-17
W01756,U0437,S013,95,2026-04-04
W01757,U0043,S019,51,2026-05-18
W01758,U0346,S016,124,2026-08-02
W01759,U0026,S023,52,2026-08-06
W01760,U0077,S028,146,2026-07-08
W01761,U0020,S024,48,2026-06-09
W01762,U0435,S012,20,2026-08-26
W01763,U0154,S010,164,2026-04-08
W01764,U0011,S006,107,2026-03-30
W01765,U0427,S019,143,2026-04-30
W01766,U0430,S020,122,2026-07-21
W01767,U0426,S028,74,2026-05-21
W01768,U0355,S008,81,2026-04-30
W01769,U0443,S020,127,2026-08-07
W01770,U0431,S024,16,2026-07-24
W01771,U0267,S007,70,2026-07-28
W01772,U0324,S025,149,2026-05-14
W01773,U0154,S006,119,2026-08-06
W01774,U0140,S011,60,2026-06-27
W01775,U0117,S005,55,2026-08-20
W01776,U0309,S024,130,2026-08-02
W01777,U0269,S025,134,2026-07-19
W01778,U0118,S022,125,2026-07-01
W01779,U0118,S004,84,2026-04-22
W01780,U0480,S017,16,2026-04-05
W01781,U0366,S026,20,2026-05-12
W01782,U0348,S022,32,2026-04-13
W01783,U0498,S028,120,2026-05-14
W01784,U0313,S026,162,2026-07-17
W01785,U0054,S029,106,2026-04-09
W01786,U0164,S014,87,2026-05-08
W01787,U0035,S030,101,2026-07-03
W01788,U0273,S003,167,2026-07-04
W01789,U0500,S029,88,2026-06-27
W01790,U0110,S024,111,2026-03-27
W01791,U0106,S027,56,2026-07-20
W01792,U0181,S022,175,2026-05-04
W01793,U0320,S023,16,2026-07-15
W01794,U0278,S017,178,2026-06-12
W01795,U0330,S010,144,2026-07-23
W01796,U0496,S029,59,2026-05-24
W01797,U0230,S027,61,2026-04-05
W01798,U0161,S001,171,2026-04-03
W01799,U0004,S017,141,2026-04-28
W01800,U0427,S022,13,2026-04-05
W01801,U0001,S007,44,2026-06-30
W01802,U0008,S029,161,2026-07-08
W01803,U0467,S004,132,2026-04-02
W01804,U0299,S027,41,2026-06-15
W01805,U0334,S025,155,2026-07-07
W01806,U0156,S028,166,2026-05-31
W01807,U0016,S003,56,2026-08-08
W01808,U0251,S027,40,2026-08-15
W01809,U0260,S005,26,2026-05-06
W01810,U0039,S016,48,2026-05-27
W01811,U0489,S004,39,2026-04-19
W01812,U0158,S022,75,2026-08-03
W01813,U0108,S012,45,2026-05-05
W01814,U0018,S026,10,2026-03-24
W01815,U0383,S026,99,2026-03-25
W01816,U0087,S026,143,2026-06-22
W01817,U0070,S012,161,2026-05-19
W01818,U0086,S019,110,2026-09-12
W01819,U0402,S030,110,2026-04-12
W01820,U0030,S025,179,2026-06-14
W01821,U0033,S010,21,2026-05-03
W01822,U0118,S030,164,2026-06-12
W01823,U0423,S009,158,2026-06-05
W01824,U0332,S023,38,2026-06-07
W01825,U0161,S011,126,2026-06-24
W01826,U0271,S002,126,2026-05-09
W01827,U0172,S022,27,2026-08-26
W01828,U0259,S007,180,2026-06-04
W01829,U0210,S012,175,2026-04-22
W01830,U0421,S026,170,2026-04-04
W01831,U0364,S027,104,2026-06-30
W01832,U0378,S011,77,2026-08-18
W01833,U0379,S018,122,2026-03-25
W01834,U0098,S029,31,2026-06-21
W01835,U0450,S012,136,2026-06-13
W01836,U0134,S010,34,2026-08-28
W01837,U0185,S021,64,2026-09-05
W01838,U0251,S016,104,2026-05-09
W01839,U0398,S007,165,2026-06-27
W01840,U0224,S028,128,2026-05-05
W01841,U0433,S009,159,2026-08-28
W01842,U0416,S005,51,2026-06-26
W01843,U0053,S027,83,2026-03-24
W01844,U0251,S007,131,2026-07-02
W01845,U0271,S007,166,2026-05-25
W01846,U0123,S015,140,2026-05-05
W01847,U0339,S010,101,2026-08-13
W01848,U0029,S015,44,2026-05-15
W01849,U0006,S012,120,2026-05-23
W01850,U0294,S013,102,2026-06-05
W01851,U0147,S003,145,2026-08-01
W01852,U0008,S023,131,2026-04-03
W01853,U0340,S015,141,2026-08-19
W01854,U0179,S021,54,2026-06-07
W01855,U0136,S023,25,2026-07-15
W01856,U0333,S003,18,2026-09-09
W01857,U0316,S014,86,2026-04-16
W01858,U0327,S015,80,2026-07-30
W01859,U0102,S002,178,2026-07-08
W01860,U0278,S024,122,2026-04-03
W01861,U0485,S012,10,2026-09-10
W01862,U0266,S011,119,2026-04-20
W01863,U0200,S024,122,2026-09-18
W01864,U0473,S018,21,2026-08-05
W01865,U0345,S017,163,2026-06-13
W01866,U0494,S016,87,2026-08-17
W01867,U0425,S004,130,2026-06-05
W01868,U0279,S011,143,2026-07-27
W01869,U0495,S005,180,2026-06-07
W01870,U0025,S018,150,2026-04-29
W01871,U0043,S014,37,2026-06-12
W01872,U0146,S027,72,2026-07-23
W01873,U0441,S028,65,2026-04-27
W01874,U0155,S015,146,2026-04-27
W01875,U0232,S020,77,2026-07-13
W01876,U0302,S025,76,2026-04-24
W01877,U0410,S008,15,2026-05-29
W01878,U0464,S024,103,2026-09-13
W01879,U0429,S013,34,2026-05-27
W01880,U0148,S022,91,2026-06-08
W01881,U0367,S018,75,2026-08-23
W01882,U0458,S023,54,2026-08-25
W01883,U0370,S015,72,2026-04-08
W01884,U0076,S015,123,2026-03-27
W01885,U0111,S025,156,2026-08-30
W01886,U0035,S007,62,2026-04-24
W01887,U0026,S014,23,2026-09-17
W01888,U0374,S013,60,2026-05-22
W01889,U0427,S023,160,2026-09-03
W01890,U0440,S022,28,2026-08-11
W01891,U0338,S012,101,2026-08-29
W01892,U0444,S027,42,2026-08-05
W01893,U0403,S028,132,2026-05-02
W01894,U0180,S029,135,2026-09-18
W01895,U0177,S005,163,2026-05-05
W01896,U0099,S002,136,2026-08-06
W01897,U0483,S008,89,2026-04-10
W01898,U0294,S013,135,2026-05-24
W01899,U0343,S028,63,2026-05-01
W01900,U0150,S016,37,2026-09-12
W01901,U0496,S003,55,2026-06-28
W01902,U0328,S012,94,2026-08-14
W01903,U0282,S008,94,2026-08-04
W01904,U0409,S009,74,2026-04-25
W01905,U0134,S023,124,2026-07-28
W01906,U0064,S023,180,2026-04-21
W01907,U0363,S023,105,2026-06-13
W01908,U0158,S013,155,2026-06-13
W01909,U0343,S015,158,2026-05-22
W01910,U0313,S007,160,2026-06-15
W01911,U0347,S013,97,2026-04-05
W01912,U0371,S015,177,2026-09-07
W01913,U0435,S010,144,2026-08-01
W01914,U0050,S016,93,2026-08-12
W01915,U0347,S006,100,2026-08-20
W01916,U0137,S021,118,2026-04-16
W01917,U0313,S021,99,2026-03-27
W01918,U0296,S016,54,2026-06-21
W01919,U0077,S017,96,2026-07-10
W01920,U0148,S005,126,2026-07-01
W01921,U0092,S017,37,2026-08-04
W01922,U0425,S002,34,2026-05-10
W01923,U0058,S018,50,2026-09-16
W01924,U0134,S011,47,2026-08-30
W01925,U0390,S013,84,2026-08-20
W01926,U0142,S002,177,2026-04-19
W01927,U0259,S023,126,2026-03-27
W01928,U0355,S001,161,2026-05-19
W01929,U0019,S018,125,2026-04-11
W01930,U0381,S024,44,2026-08-03
W01931,U0190,S001,162,2026-06-06
W01932,U0429,S017,135,2026-05-12
W01933,U0491,S002,98,2026-06-05
W01934,U0400,S002,156,2026-06-28
W01935,U0407,S019,34,2026-07-02
W01936,U0016,S022,82,2026-06-20
W01937,U0129,S010,156,2026-09-12
W01938,U0481,S002,89,2026-05-31
W01939,U0236,S008,155,2026-06-16
W01940,U0034,S025,134,2026-05-17
W01941,U0045,S006,30,2026-05-06
W01942,U0122,S006,105,2026-08-11
W01943,U0361,S016,48,2026-06-11
W01944,U0287,S010,19,2026-05-13
W01945,U0030,S025,27,2026-06-18
W01946,U0444,S024,134,2026-06-11
W01947,U0329,S015,13,2026-08-05
W01948,U0191,S008,18,2026-08-09
W01949,U0109,S009,163,2026-07-07
W01950,U0388,S017,25,2026-04-26
W01951,U0143,S003,130,2026-08-13
W01952,U0308,S005,14,2026-08-16
W01953,U0276,S015,155,2026-05-05
W01954,U0111,S002,102,2026-06-08
W01955,U0013,S004,179,2026-04-18
W01956,U0109,S010,104,2026-07-29
W01957,U0105,S008,76,2026-08-09
W01958,U0496,S014,18,2026-05-04
W01959,U0478,S021,20,2026-05-31
W01960,U0099,S005,51,2026-05-16
W01961,U0397,S004,129,2026-04-11
W01962,U0141,S012,46,2026-09-16
W01963,U0074,S028,82,2026-04-08
W01964,U0308,S007,139,2026-04-03
W01965,U0246,S024,69,2026-09-05
W01966,U0279,S007,49,2026-04-14
W01967,U0320,S007,94,2026-05-29
W01968,U0151,S029,98,2026-05-14
W01969,U0287,S018,29,2026-08-24
W01970,U0236,S023,139,2026-04-25
W01971,U0153,S013,131,2026-07-12
W01972,U0359,S028,115,2026-07-05
W01973,U0375,S006,108,2026-09-06
W01974,U0082,S011,127,2026-08-15
W01975,U0340,S005,68,2026-08-14
W01976,U0444,S019,135,2026-07-31
W01977,U0367,S030,153,2026-06-04
W01978,U0384,S024,114,2026-09-11
W01979,U0324,S015,44,2026-04-08
W01980,U0183,S014,111,2026-08-13
W01981,U0100,S007,39,2026-05-08
W01982,U0467,S017,153,2026-04-04
W01983,U0111,S022,81,2026-07-04
W01984,U0210,S028,89,2026-04-12
W01985,U0500,S019,51,2026-07-24
W01986,U0273,S013,16,2026-07-22
W01987,U0155,S010,43,2026-07-04
W01988,U0036,S025,15,2026-04-12
W01989,U0408,S018,143,2026-08-13
W01990,U0285,S030,162,2026-06-25
W01991,U0439,S017,161,2026-09-11
W01992,U0331,S026,136,2026-04-07
W01993,U0115,S030,37,2026-04-14
W01994,U0387,S011,175,2026-06-13
W01995,U0189,S014,99,2026-08-28
W01996,U0176,S021,63,2026-04-13
W01997,U0184,S007,68,2026-04-12
W01998,U0328,S019,29,2026-04-29
W01999,U0112,S022,68,2026-05-06
W02000,U0327,S009,118,2026-06-12
W02001,U0385,S029,65,2026-09-13
W02002,U0196,S003,132,2026-03-30
W02003,U0387,S022,113,2026-07-02
W02004,U0007,S027,10,2026-06-30
W02005,U0219,S016,96,2026-07-21
W02006,U0041,S027,84,2026-09-01
W02007,U0298,S021,170,2026-09-10
W02008,U0178,S004,174,2026-05-12
W02009,U0489,S027,136,2026-04-15
W02010,U0209,S003,142,2026-06-22
W02011,U0048,S003,125,2026-05-31
W02012,U0175,S030,108,2026-09-16
W02013,U0116,S014,121,2026-07-19
W02014,U0253,S029,168,2026-05-31
W02015,U0095,S017,133,2026-06-20
W02016,U0024,S020,160,2026-08-29
W02017,U0338,S018,88,2026-09-09
W02018,U0079,S006,36,2026-07-09
W02019,U0271,S018,45,2026-08-17
W02020,U0247,S008,88,2026-08-23
W02021,U0387,S030,56,2026-04-14
W02022,U0461,S009,107,2026-05-01
W02023,U0472,S008,105,2026-08-05
W02024,U0189,S030,125,2026-04-15
W02025,U0241,S013,10,2026-05-09
W02026,U0034,S030,88,2026-08-13
W02027,U0236,S014,130,2026-06-22
W02028,U0349,S002,91,2026-07-22
W02029,U0455,S029,168,2026-04-30
W02030,U0192,S029,162,2026-07-19
W02031,U0038,S014,145,2026-07-05
W02032,U0347,S022,139,2026-06-01
W02033,U0209,S005,98,2026-06-24
W02034,U0056,S030,102,2026-08-23
W02035,U0340,S021,31,2026-06-21
W02036,U0291,S005,25,2026-03-23
W02037,U0306,S026,137,2026-08-19
W02038,U0113,S011,26,2026-04-30
W02039,U0336,S026,139,2026-05-07
W02040,U0132,S021,176,2026-06-13
W02041,U0482,S030,143,2026-08-22
W02042,U0081,S007,78,2026-08-14
W02043,U0069,S020,25,2026-07-14
W02044,U0307,S009,174,2026-07-29
W02045,U0488,S009,179,2026-08-19
W02046,U0185,S002,18,2026-04-18
W02047,U0363,S004,95,2026-04-13
W02048,U0320,S022,31,2026-05-21
W02049,U0162,S023,166,2026-07-17
W02050,U0422,S027,119,2026-08-29
W02051,U0097,S018,80,2026-07-10
W02052,U0449,S001,10,2026-06-07
W02053,U0216,S004,13,2026-08-08
W02054,U0125,S018,36,2026-08-05
W02055,U0171,S027,41,2026-07-24
W02056,U0161,S028,115,2026-03-31
W02057,U0105,S023,79,2026-07-14
W02058,U0318,S016,43,2026-04-21
W02059,U0087,S018,115,2026-03-28
W02060,U0472,S024,122,2026-06-01
W02061,U0013,S024,27,2026-05-22
W02062,U0182,S013,122,2026-09-14
W02063,U0229,S011,48,2026-06-11
W02064,U0189,S010,88,2026-05-23
W02065,U0146,S023,39,2026-03-31
W02066,U0250,S002,67,2026-04-16
W02067,U0196,S003,80,2026-08-19
W02068,U0248,S018,115,2026-05-12
W02069,U0263,S008,79,2026-04-01
W02070,U0470,S026,77,2026-09-07
W02071,U0494,S017,61,2026-07-08
W02072,U0370,S011,38,2026-07-22
W02073,U0405,S026,87,2026-03-23
W02074,U0009,S027,85,2026-04-28
W02075,U0298,S019,137,2026-08-22
W02076,U0020,S024,164,2026-09-02
W02077,U0422,S008,74,2026-06-14
W02078,U0182,S017,122,2026-07-16
W02079,U0024,S015,92,2026-04-24
W02080,U0470,S025,69,2026-04-09
W02081,U0099,S030,39,2026-06-01
W02082,U0477,S022,135,2026-09-04
W02083,U0413,S019,178,2026-04-07
W02084,U0042,S002,40,2026-07-07
W02085,U0158,S016,155,2026-06-17
W02086,U0247,S026,26,2026-06-04
W02087,U0294,S014,119,2026-07-31
W02088,U0440,S022,65,2026-04-13
W02089,U0375,S019,66,2026-06-06
W02090,U0428,S002,44,2026-06-05
W02091,U0114,S029,138,2026-09-16
W02092,U0308,S021,174,2026-04-18
W02093,U0321,S019,138,2026-07-21
W02094,U0219,S021,25,2026-08-08
W02095,U0492,S027,70,2026-06-18
W02096,U0054,S008,35,2026-06-21
W02097,U0336,S028,74,2026-07-20
W02098,U0100,S010,180,2026-05-31
W02099,U0273,S025,32,2026-07-20
W02100,U0391,S012,80,2026-07-21
W02101,U0108,S015,171,2026-06-02
W02102,U0302,S013,87,2026-05-29
W02103,U0016,S007,105,2026-08-01
W02104,U0147,S002,19,2026-09-11
W02105,U0434,S029,90,2026-04-01
W02106,U0485,S012,79,2026-04-03
W02107,U0150,S009,93,2026-05-01
W02108,U0129,S022,67,2026-05-20
W02109,U0198,S019,155,2026-08-08
W02110,U0390,S013,106,2026-05-29
W02111,U0279,S023,163,2026-08-30
W02112,U0461,S007,88,2026-05-26
W02113,U0044,S027,35,2026-08-10
W02114,U0097,S015,45,2026-06-29
W02115,U0109,S023,78,2026-04-16
W02116,U0317,S002,64,2026-06-13
W02117,U0378,S001,89,2026-04-23
W02118,U0087,S006,128,2026-07-17
W02119,U0208,S014,166,2026-03-29
W02120,U0154,S003,88,2026-04-25
W02121,U0067,S023,166,2026-06-25
W02122,U0034,S001,178,2026-05-23
W02123,U0169,S023,80,2026-08-18
W02124,U0003,S026,41,2026-06-27
W02125,U0287,S018,52,2026-06-12
W02126,U0391,S009,10,2026-05-12
W02127,U0061,S014,15,2026-06-02
W02128,U0103,S010,80,2026-07-01
W02129,U0090,S002,167,2026-07-17
W02130,U0228,S021,135,2026-04-11
W02131,U0444,S017,106,2026-08-04
W02132,U0074,S019,179,2026-08-21
W02133,U0307,S012,65,2026-05-18
W02134,U0208,S009,41,2026-09-03
W02135,U0015,S030,164,2026-06-19
W02136,U0284,S017,73,2026-08-07
W02137,U0494,S027,139,2026-05-14
W02138,U0127,S004,123,2026-08-23
W02139,U0199,S013,24,2026-03-29
W02140,U0089,S023,31,2026-09-02
W02141,U0447,S026,83,2026-06-23
W02142,U0025,S005,180,2026-06-04
W02143,U0117,S006,50,2026-07-01
W02144,U0429,S024,177,2026-07-11
W02145,U0366,S024,106,2026-07-13
W02146,U0145,S024,66,2026-09-05
W02147,U0130,S025,71,2026-04-14
W02148,U0472,S009,77,2026-08-24
W02149,U0337,S017,126,2026-04-27
W02150,U0306,S016,103,2026-05-19
W02151,U0168,S026,94,2026-05-10
W02152,U0149,S018,166,2026-04-02
W02153,U0152,S010,118,2026-09-08
W02154,U0401,S018,51,2026-09-14
W02155,U0496,S020,110,2026-05-29
W02156,U0045,S018,26,2026-05-03
W02157,U0073,S014,166,2026-05-28
W02158,U0223,S004,91,2026-07-05
W02159,U0404,S024,129,2026-05-09
W02160,U0047,S011,117,2026-05-22
W02161,U0265,S013,88,2026-05-06
W02162,U0155,S015,28,2026-04-09
W02163,U0346,S020,35,2026-06-19
W02164,U0217,S026,163,2026-07-14
W02165,U0174,S028,91,2026-06-05
W02166,U0480,S021,140,2026-07-16
W02167,U0450,S001,51,2026-03-29
W02168,U0275,S017,170,2026-07-29
W02169,U0076,S017,72,2026-07-21
W02170,U0131,S011,58,2026-08-19
W02171,U0055,S026,108,2026-08-01
W02172,U0200,S020,109,2026-05-28
W02173,U0373,S022,16,2026-09-12
W02174,U0046,S014,109,2026-08-03
W02175,U0400,S024,63,2026-07-03
W02176,U0318,S001,58,2026-07-18
W02177,U0025,S010,127,2026-03-25
W02178,U0464,S016,166,2026-04-17
W02179,U0487,S028,143,2026-06-29
W02180,U0400,S020,89,2026-03-29
W02181,U0071,S009,87,2026-03-26
W02182,U0299,S026,99,2026-07-27
W02183,U0334,S007,170,2026-06-08
W02184,U0026,S025,54,2026-04-05
W02185,U0212,S003,77,2026-06-22
W02186,U0253,S026,11,2026-06-02
W02187,U0398,S012,39,2026-06-15
W02188,U0049,S012,53,2026-09-06
W02189,U0417,S013,87,2026-08-15
W02190,U0216,S030,107,2026-07-08
W02191,U0236,S026,158,2026-04-27
W02192,U0412,S016,177,2026-08-16
W02193,U0066,S010,96,2026-07-09
W02194,U0079,S013,32,2026-07-02
W02195,U0337,S030,57,2026-06-04
W02196,U0380,S002,93,2026-07-11
W02197,U0276,S027,55,2026-08-12
W02198,U0387,S023,21,2026-07-03
W02199,U0296,S002,109,2026-05-19
W02200,U0078,S016,92,2026-07-31
W02201,U0162,S012,143,2026-06-18
W02202,U0461,S004,31,2026-05-31
W02203,U0018,S012,132,2026-07-27
W02204,U0246,S030,126,2026-06-18
W02205,U0051,S008,80,2026-06-10
W02206,U0480,S016,28,2026-06-19
W02207,U0262,S020,164,2026-08-26
W02208,U0053,S011,110,2026-05-07
W02209,U0304,S007,78,2026-09-08
W02210,U0011,S015,140,2026-05-04
W02211,U0378,S005,32,2026-05-12
W02212,U0181,S005,18,2026-03-27
W02213,U0271,S003,102,2026-05-08
W02214,U0454,S017,163,2026-09-04
W02215,U0405,S008,158,2026-06-06
W02216,U0377,S011,175,2026-06-28
W02217,U0328,S010,134,2026-04-18
W02218,U0035,S023,23,2026-06-27
W02219,U0014,S010,149,2026-06-13
W02220,U0294,S012,128,2026-09-07
W02221,U0238,S002,178,2026-06-01
W02222,U0010,S026,154,2026-06-13
W02223,U0145,S003,124,2026-05-08
W02224,U0257,S012,112,2026-07-14
W02225,U0004,S010,150,2026-07-24
W02226,U0354,S010,94,2026-04-22
W02227,U0214,S025,141,2026-08-03
W02228,U0338,S005,28,2026-08-16
W02229,U0130,S012,90,2026-05-29
W02230,U0330,S002,15,2026-04-03
W02231,U0392,S029,60,2026-07-22
W02232,U0267,S025,136,2026-08-31
W02233,U0140,S009,11,2026-06-14
W02234,U0008,S026,148,2026-08-06
W02235,U0124,S021,19,2026-06-07
W02236,U0469,S020,121,2026-07-27
W02237,U0008,S004,115,2026-05-28
W02238,U0460,S029,23,2026-04-04
W02239,U0240,S022,95,2026-05-20
W02240,U0149,S012,59,2026-06-05
W02241,U0478,S007,29,2026-09-04
W02242,U0216,S023,144,2026-09-08
W02243,U0393,S001,163,2026-09-16
W02244,U0422,S006,53,2026-08-07
W02245,U0086,S012,83,2026-07-24
W02246,U0375,S030,131,2026-05-16
W02247,U0390,S017,60,2026-08-26
W02248,U0242,S006,161,2026-03-27
W02249,U0051,S010,129,2026-05-08
W02250,U0200,S021,79,2026-06-21
W02251,U0341,S025,135,2026-07-09
W02252,U0039,S024,42,2026-04-22
W02253,U0443,S018,66,2026-06-23
W02254,U0244,S012,57,2026-09-16
W02255,U0298,S027,83,2026-03-23
W02256,U0110,S025,179,2026-08-02
W02257,U0032,S010,35,2026-07-10
W02258,U0025,S011,32,2026-05-28
W02259,U0226,S025,135,2026-07-20
W02260,U0343,S029,40,2026-09-01
W02261,U0064,S007,42,2026-04-26
W02262,U0213,S002,27,2026-05-04
W02263,U0175,S001,93,2026-06-10
W02264,U0291,S019,123,2026-04-05
W02265,U0246,S018,119,2026-07-23
W02266,U0254,S024,81,2026-05-01
W02267,U0381,S030,62,2026-05-01
W02268,U0394,S023,148,2026-05-04
W02269,U0194,S026,173,2026-08-27
W02270,U0161,S015,22,2026-03-23
W02271,U0296,S025,77,2026-04-24
W02272,U0042,S019,103,2026-08-04
W02273,U0275,S026,32,2026-09-11
W02274,U0251,S022,74,2026-07-04
W02275,U0140,S024,43,2026-06-04
W02276,U0309,S025,145,2026-09-11
W02277,U0018,S025,121,2026-08-07
W02278,U0005,S026,167,2026-09-01
W02279,U0182,S013,92,2026-09-16
W02280,U0285,S003,99,2026-08-17
W02281,U0104,S027,85,2026-03-30
W02282,U0386,S011,117,2026-03-30
W02283,U0156,S018,86,2026-07-21
W02284,U0485,S022,11,2026-09-05
W02285,U0127,S005,144,2026-03-28
W02286,U0282,S026,97,2026-08-28
W02287,U0204,S016,160,2026-08-08
W02288,U0424,S030,82,2026-04-18
W02289,U0032,S015,150,2026-08-03
W02290,U0005,S011,83,2026-06-22
W02291,U0308,S013,178,2026-09-09
W02292,U0181,S014,152,2026-06-25
W02293,U0362,S024,136,2026-04-02
W02294,U0263,S008,165,2026-09-13
W02295,U0416,S003,152,2026-06-26
W02296,U0240,S004,94,2026-06-26
W02297,U0198,S001,141,2026-08-15
W02298,U0011,S012,35,2026-03-25
W02299,U0445,S005,160,2026-04-09
W02300,U0221,S021,177,2026-08-19
W02301,U0461,S023,132,2026-09-14
W02302,U0144,S030,77,2026-04-14
W02303,U0104,S016,168,2026-05-07
W02304,U0309,S010,162,2026-08-20
W02305,U0300,S012,99,2026-08-22
W02306,U0357,S016,106,2026-07-07
W02307,U0220,S009,21,2026-08-28
W02308,U0325,S022,37,2026-04-13
W02309,U0312,S003,119,2026-08-14
W02310,U0226,S013,112,2026-07-23
W02311,U0106,S013,121,2026-04-05
W02312,U0058,S014,84,2026-07-03
W02313,U0042,S006,77,2026-08-23
W02314,U0181,S001,80,2026-05-26
W02315,U0056,S009,110,2026-07-22
W02316,U0256,S019,83,2026-06-06
W02317,U0171,S025,152,2026-06-12
W02318,U0166,S015,14,2026-08-27
W02319,U0221,S019,60,2026-07-06
W02320,U0010,S012,13,2026-05-24
W02321,U0351,S018,89,2026-07-05
W02322,U0488,S004,34,2026-04-19
W02323,U0215,S012,107,2026-07-12
W02324,U0420,S005,18,2026-09-09
W02325,U0061,S021,155,2026-09-07
W02326,U0427,S003,72,2026-03-31
W02327,U0121,S023,114,2026-03-27
W02328,U0462,S004,102,2026-03-25
W02329,U0425,S013,37,2026-05-12
W02330,U0170,S016,85,2026-06-29
W02331,U0116,S005,107,2026-07-20
W02332,U0234,S001,176,2026-04-04
W02333,U0352,S026,26,2026-03-26
W02334,U0368,S027,100,2026-06-22
W02335,U0344,S003,179,2026-04-03
W02336,U0246,S007,99,2026-04-21
W02337,U0049,S030,47,2026-07-26
W02338,U0407,S022,141,2026-04-23
W02339,U0433,S027,77,2026-05-18
W02340,U0199,S023,139,2026-05-02
W02341,U0049,S024,135,2026-05-11
W02342,U0479,S015,168,2026-08-11
W02343,U0367,S008,57,2026-06-06
W02344,U0051,S011,107,2026-09-18
W02345,U0439,S024,133,2026-08-19
W02346,U0474,S016,120,2026-05-31
W02347,U0461,S015,36,2026-08-02
W02348,U0452,S016,167,2026-05-14
W02349,U0420,S003,122,2026-09-15
W02350,U0342,S018,133,2026-04-19
W02351,U0305,S012,64,2026-07-07
W02352,U0469,S024,104,2026-05-07
W02353,U0044,S026,96,2026-08-04
W02354,U0246,S021,93,2026-09-08
W02355,U0207,S023,165,2026-06-09
W02356,U0016,S005,158,2026-09-18
W02357,U0463,S017,46,2026-04-21
W02358,U0333,S019,167,2026-07-12
W02359,U0045,S018,71,2026-05-04
W02360,U0420,S004,61,2026-05-12
W02361,U0019,S013,53,2026-04-19
W02362,U0007,S025,126,2026-05-01
W02363,U0068,S027,43,2026-06-01
W02364,U0194,S005,64,2026-07-12
W02365,U0266,S010,50,2026-06-07
W02366,U0461,S007,131,2026-07-07
W02367,U0394,S010,111,2026-04-11
W02368,U0475,S028,137,2026-07-10
W02369,U0179,S021,145,2026-06-26
W02370,U0193,S028,122,2026-05-14
W02371,U0231,S014,94,2026-04-21
W02372,U0030,S021,58,2026-07-23
W02373,U0265,S017,78,2026-03-28
W02374,U0058,S025,71,2026-06-23
W02375,U0479,S020,49,2026-09-02
W02376,U0166,S011,72,2026-03-31
W02377,U0147,S004,59,2026-06-02
W02378,U0161,S013,87,2026-04-29
W02379,U0097,S030,52,2026-06-29
W02380,U0433,S004,131,2026-04-08
W02381,U0108,S010,104,2026-04-15
W02382,U0262,S025,138,2026-09-02
W02383,U0071,S026,30,2026-04-17
W02384,U0092,S016,65,2026-05-17
W02385,U0238,S023,125,2026-05-06
W02386,U0404,S006,34,2026-06-08
W02387,U0156,S005,129,2026-08-25
W02388,U0277,S018,66,2026-08-11
W02389,U0093,S019,137,2026-09-17
W02390,U0353,S001,140,2026-06-05
W02391,U0426,S021,49,2026-04-03
W02392,U0323,S025,136,2026-07-20
W02393,U0237,S006,64,2026-03-25
W02394,U0468,S020,118,2026-05-14
W02395,U0354,S021,121,2026-08-20
W02396,U0471,S006,124,2026-05-09
W02397,U0373,S013,96,2026-07-06
W02398,U0201,S017,75,2026-04-29
W02399,U0275,S019,144,2026-06-26
W02400,U0118,S010,51,2026-05-26
W02401,U0315,S020,82,2026-07-10
W02402,U0017,S027,11,2026-04-15
W02403,U0063,S030,109,2026-04-28
W02404,U0019,S017,78,2026-06-09
W02405,U0423,S018,126,2026-05-19
W02406,U0246,S027,90,2026-07-29
W02407,U0039,S004,177,2026-05-26
W02408,U0429,S004,162,2026-09-06
W02409,U0197,S030,38,2026-08-24
W02410,U0457,S004,60,2026-09-03
W02411,U0152,S014,78,2026-05-05
W02412,U0146,S010,66,2026-06-22
W02413,U0211,S012,26,2026-04-09
W02414,U0286,S024,108,2026-04-10
W02415,U0279,S017,138,2026-07-09
W02416,U0335,S028,18,2026-06-20
W02417,U0271,S028,161,2026-07-11
W02418,U0188,S029,172,2026-08-31
W02419,U0214,S027,118,2026-08-14
W02420,U0076,S020,74,2026-08-25
W02421,U0213,S017,118,2026-04-08
W02422,U0129,S010,56,2026-08-07
W02423,U0379,S027,105,2026-08-15
W02424,U0446,S007,133,2026-04-27
W02425,U0342,S018,121,2026-06-20
W02426,U0430,S027,27,2026-07-30
W02427,U0167,S017,91,2026-04-25
W02428,U0428,S008,63,2026-08-02
W02429,U0479,S030,171,2026-05-07
W02430,U0327,S004,155,2026-07-19
W02431,U0038,S027,146,2026-04-27
W02432,U0201,S014,44,2026-04-25
W02433,U0082,S005,151,2026-04-23
W02434,U0220,S030,13,2026-05-01
W02435,U0167,S020,162,2026-04-17
W02436,U0412,S012,159,2026-09-12
W02437,U0159,S023,57,2026-06-01
W02438,U0404,S029,175,2026-04-15
W02439,U0311,S004,97,2026-07-28
W02440,U0217,S001,144,2026-08-24
W02441,U0185,S012,115,2026-04-12
W02442,U0133,S012,51,2026-08-13
W02443,U0358,S028,149,2026-06-06
W02444,U0359,S018,83,2026-06-24
W02445,U0463,S030,117,2026-03-28
W02446,U0122,S017,80,2026-04-02
W02447,U0318,S009,128,2026-03-27
W02448,U0162,S006,54,2026-07-30
W02449,U0314,S019,135,2026-03-27
W02450,U0418,S012,24,2026-08-11
W02451,U0078,S006,110,2026-08-13
W02452,U0498,S003,12,2026-06-04
W02453,U0214,S022,83,2026-08-09
W02454,U0051,S003,85,2026-04-09
W02455,U0093,S016,154,2026-07-24
W02456,U0007,S013,129,2026-09-10
W02457,U0322,S004,147,2026-05-05
W02458,U0231,S024,26,2026-06-09
W02459,U0052,S006,78,2026-08-06
W02460,U0480,S010,146,2026-04-28
W02461,U0219,S013,30,2026-07-07
W02462,U0024,S006,13,2026-06-27
W02463,U0152,S027,12,2026-04-26
W02464,U0324,S025,110,2026-03-30
W02465,U0168,S016,63,2026-07-15
W02466,U0291,S024,117,2026-04-02
W02467,U0473,S008,77,2026-05-27
W02468,U0302,S014,150,2026-05-20
W02469,U0155,S006,26,2026-04-27
W02470,U0420,S008,108,2026-04-12
W02471,U0337,S009,11,2026-05-18
W02472,U0249,S013,75,2026-09-06
W02473,U0308,S028,180,2026-04-18
W02474,U0474,S022,120,2026-09-10
W02475,U0107,S023,76,2026-06-19
W02476,U0227,S028,149,2026-04-18
W02477,U0216,S005,93,2026-08-18
W02478,U0103,S007,22,2026-07-08
W02479,U0297,S025,21,2026-05-16
W02480,U0013,S024,106,2026-05-22
W02481,U0057,S008,127,2026-07-23
W02482,U0336,S013,44,2026-07-03
W02483,U0259,S024,14,2026-08-18
W02484,U0218,S011,135,2026-07-10
W02485,U0327,S021,147,2026-08-19
W02486,U0362,S020,171,2026-06-23
W02487,U0067,S008,40,2026-09-15
W02488,U0075,S013,80,2026-09-11
W02489,U0493,S002,79,2026-04-08
W02490,U0297,S020,162,2026-04-13
W02491,U0396,S007,48,2026-05-24
W02492,U0145,S013,148,2026-08-26
W02493,U0326,S029,160,2026-05-14
W02494,U0091,S014,79,2026-07-02
W02495,U0166,S002,93,2026-07-13
W02496,U0089,S015,122,2026-08-17
W02497,U0349,S008,174,2026-06-27
W02498,U0049,S020,42,2026-07-31
W02499,U0278,S018,142,2026-08-21
W02500,U0487,S018,175,2026-05-06
W02501,U0374,S021,46,2026-04-21
W02502,U0478,S019,73,2026-04-20
W02503,U0138,S015,179,2026-05-21
W02504,U0123,S016,53,2026-06-30
W02505,U0082,S023,25,2026-06-03
W02506,U0310,S006,172,2026-06-11
W02507,U0098,S028,11,2026-07-25
W02508,U0350,S013,178,2026-06-04
W02509,U0464,S027,78,2026-08-10
W02510,U0375,S028,54,2026-04-17
W02511,U0148,S024,100,2026-05-05
W02512,U0350,S026,164,2026-08-27
W02513,U0410,S007,179,2026-06-11
W02514,U0047,S021,47,2026-06-01
W02515,U0453,S023,62,2026-05-13
W02516,U0399,S026,57,2026-07-10
W02517,U0351,S019,146,2026-09-12
W02518,U0064,S029,134,2026-06-14
W02519,U0179,S007,13,2026-06-02
W02520,U0382,S003,73,2026-06-09
W02521,U0029,S020,20,2026-06-10
W02522,U0097,S006,164,2026-05-21
W02523,U0481,S021,48,2026-06-17
W02524,U0223,S006,55,2026-05-13
W02525,U0066,S027,173,2026-05-02
W02526,U0459,S015,91,2026-04-29
W02527,U0123,S001,108,2026-04-21
W02528,U0291,S028,112,2026-04-05
W02529,U0385,S025,52,2026-08-01
W02530,U0486,S020,60,2026-07-29
W02531,U0386,S018,135,2026-08-08
W02532,U0492,S029,78,2026-07-14
W02533,U0265,S002,171,2026-08-19
W02534,U0188,S006,168,2026-07-27
W02535,U0010,S018,85,2026-03-31
W02536,U0164,S022,94,2026-08-16
W02537,U0049,S015,79,2026-08-20
W02538,U0496,S017,140,2026-09-06
W02539,U0458,S005,99,2026-07-26
W02540,U0230,S012,35,2026-07-04
W02541,U0072,S005,24,2026-03-30
W02542,U0123,S016,10,2026-05-14
W02543,U0144,S005,12,2026-03-28
W02544,U0436,S015,104,2026-09-07
W02545,U0013,S024,64,2026-05-15
W02546,U0235,S021,75,2026-06-22
W02547,U0438,S027,175,2026-04-25
W02548,U0090,S026,71,2026-07-09
W02549,U0358,S014,148,2026-07-31
W02550,U0456,S008,106,2026-09-07
W02551,U0117,S007,73,2026-06-14
W02552,U0486,S021,124,2026-06-30
W02553,U0447,S021,29,2026-04-19
W02554,U0264,S026,55,2026-05-17
W02555,U0031,S018,102,2026-06-16
W02556,U0496,S009,24,2026-06-09
W02557,U0094,S026,147,2026-03-23
W02558,U0285,S022,89,2026-07-28
W02559,U0292,S020,118,2026-04-08
W02560,U0374,S005,95,2026-07-06
W02561,U0327,S023,178,2026-05-22
W02562,U0232,S029,89,2026-05-23
W02563,U0102,S028,175,2026-09-13
W02564,U0159,S014,126,2026-04-20
W02565,U0225,S025,82,2026-09-15
W02566,U0249,S027,99,2026-09-16
W02567,U0029,S019,58,2026-04-14
W02568,U0427,S028,81,2026-04-06
W02569,U0215,S029,142,2026-07-28
W02570,U0042,S007,51,2026-04-08
W02571,U0164,S009,36,2026-07-28
W02572,U0058,S014,75,2026-06-24
W02573,U0025,S009,126,2026-05-13
W02574,U0411,S001,96,2026-08-08
W02575,U0330,S010,162,2026-09-10
W02576,U0182,S029,76,2026-08-05
W02577,U0006,S029,67,2026-05-01
W02578,U0326,S021,75,2026-08-25
W02579,U0314,S026,91,2026-08-06
W02580,U0087,S002,159,2026-04-04
W02581,U0293,S020,112,2026-06-27
W02582,U0024,S016,74,2026-05-24
W02583,U0449,S017,138,2026-03-28
W02584,U0117,S020,114,2026-04-09
W02585,U0495,S003,55,2026-04-23
W02586,U0311,S011,54,2026-07-03
W02587,U0410,S013,33,2026-06-06
W02588,U0458,S003,33,2026-09-18
W02589,U0028,S004,25,2026-07-18
W02590,U0059,S017,153,2026-05-11
W02591,U0271,S025,20,2026-04-18
W02592,U0193,S015,124,2026-06-22
W02593,U0068,S011,78,2026-04-04
W02594,U0483,S013,147,2026-08-29
W02595,U0075,S018,112,2026-04-17
W02596,U0297,S010,68,2026-09-06
W02597,U0039,S003,16,2026-05-08
W02598,U0049,S026,170,2026-08-05
W02599,U0357,S016,88,2026-08-06
W02600,U0002,S009,136,2026-09-01
W02601,U0455,S004,29,2026-08-08
W02602,U0498,S021,173,2026-06-22
W02603,U0288,S028,86,2026-05-04
W02604,U0001,S028,65,2026-07-07
W02605,U0035,S016,39,2026-04-03
W02606,U0310,S004,89,2026-08-28
W02607,U0314,S019,74,2026-07-18
W02608,U0325,S019,31,2026-04-10
W02609,U0216,S011,118,2026-05-04
W02610,U0372,S005,109,2026-05-26
W02611,U0164,S004,45,2026-08-16
W02612,U0180,S021,178,2026-05-06
W02613,U0402,S022,75,2026-07-16
W02614,U0021,S004,137,2026-05-15
W02615,U0300,S007,56,2026-07-20
W02616,U0039,S029,63,2026-05-23
W02617,U0090,S021,26,2026-07-03
W02618,U0336,S028,168,2026-09-12
W02619,U0243,S009,58,2026-04-08
W02620,U0101,S002,151,2026-08-30
W02621,U0059,S001,108,2026-07-07
W02622,U0442,S007,11,2026-07-29
W02623,U0243,S009,132,2026-06-04
W02624,U0229,S018,153,2026-05-31
W02625,U0388,S012,38,2026-06-28
W02626,U0391,S014,21,2026-06-14
W02627,U0355,S005,90,2026-07-26
W02628,U0106,S010,180,2026-08-26
W02629,U0337,S005,54,2026-07-01
W02630,U0362,S009,170,2026-04-26
W02631,U0484,S004,155,2026-08-28
W02632,U0009,S030,38,2026-07-05
W02633,U0381,S018,162,2026-04-07
W02634,U0143,S006,129,2026-03-25
W02635,U0170,S029,88,2026-07-18
W02636,U0349,S004,91,2026-05-13
W02637,U0242,S025,84,2026-04-28
W02638,U0270,S003,123,2026-09-14
W02639,U0062,S010,73,2026-07-27
W02640,U0102,S013,115,2026-09-12
W02641,U0210,S026,29,2026-08-15
W02642,U0058,S016,66,2026-09-09
W02643,U0486,S013,128,2026-04-13
W02644,U0462,S001,101,2026-08-15
W02645,U0052,S005,17,2026-09-17
W02646,U0300,S002,142,2026-07-25
W02647,U0374,S005,168,2026-07-24
W02648,U0045,S009,41,2026-03-29
W02649,U0289,S030,76,2026-09-04
W02650,U0030,S018,38,2026-04-03
W02651,U0131,S026,39,2026-03-25
W02652,U0393,S026,139,2026-08-21
W02653,U0062,S003,77,2026-09-10
W02654,U0025,S019,150,2026-09-13
W02655,U0231,S012,172,2026-07-20
W02656,U0311,S023,146,2026-09-11
W02657,U0130,S029,50,2026-07-21
W02658,U0172,S012,56,2026-04-01
W02659,U0130,S018,86,2026-08-11
W02660,U0110,S005,67,2026-06-05
W02661,U0106,S012,83,2026-05-29
W02662,U0256,S024,180,2026-07-31
W02663,U0383,S025,171,2026-05-02
W02664,U0485,S030,80,2026-07-21
W02665,U0255,S006,127,2026-08-06
W02666,U0055,S003,150,2026-08-18
W02667,U0003,S026,66,2026-08-23
W02668,U0126,S024,62,2026-08-05
W02669,U0198,S011,58,2026-08-30
W02670,U0298,S012,20,2026-06-10
W02671,U0359,S002,155,2026-05-05
W02672,U0085,S004,113,2026-09-15
W02673,U0436,S014,53,2026-07-15
W02674,U0278,S021,123,2026-04-12
W02675,U0491,S029,133,2026-06-17
W02676,U0030,S008,107,2026-04-18
W02677,U0313,S015,82,2026-06-25
W02678,U0115,S020,34,2026-08-19
W02679,U0275,S005,84,2026-04-19
W02680,U0207,S008,164,2026-05-21
W02681,U0040,S026,36,2026-07-18
W02682,U0190,S019,137,2026-09-05
W02683,U0434,S010,166,2026-05-03
W02684,U0167,S028,178,2026-09-07
W02685,U0289,S019,106,2026-08-12
W02686,U0367,S016,32,2026-06-06
W02687,U0135,S026,105,2026-05-05
W02688,U0012,S008,142,2026-04-01
W02689,U0106,S028,126,2026-07-08
W02690,U0453,S017,35,2026-06-18
W02691,U0133,S022,22,2026-09-11
W02692,U0412,S001,116,2026-06-16
W02693,U0279,S001,27,2026-08-11
W02694,U0242,S021,39,2026-03-28
W02695,U0282,S016,48,2026-05-27
W02696,U0417,S026,175,2026-07-29
W02697,U0386,S017,143,2026-04-16
W02698,U0046,S018,175,2026-04-16
W02699,U0106,S024,155,2026-08-26
W02700,U0411,S009,81,2026-08-26
W02701,U0476,S010,26,2026-09-05
W02702,U0247,S030,166,2026-07-12
W02703,U0186,S006,159,2026-05-08
W02704,U0246,S006,35,2026-06-05
W02705,U0423,S012,108,2026-06-25
W02706,U0398,S022,60,2026-07-02
W02707,U0151,S016,113,2026-05-21
W02708,U0434,S025,150,2026-06-11
W02709,U0213,S009,147,2026-04-30
W02710,U0183,S027,18,2026-04-21
W02711,U0079,S020,139,2026-09-11
W02712,U0409,S013,60,2026-05-29
W02713,U0186,S002,44,2026-05-07
W02714,U0230,S003,129,2026-03-31
W02715,U0443,S006,156,2026-08-07
W02716,U0323,S018,112,2026-05-14
W02717,U0329,S020,142,2026-09-09
W02718,U0323,S011,130,2026-07-28
W02719,U0094,S004,138,2026-08-09
W02720,U0091,S028,72,2026-06-11
W02721,U0029,S018,21,2026-03-28
W02722,U0333,S009,139,2026-07-27
W02723,U0293,S013,33,2026-08-10
W02724,U0099,S022,109,2026-05-29
W02725,U0139,S023,67,2026-04-10
W02726,U0174,S029,172,2026-04-14
W02727,U0496,S022,152,2026-06-13
W02728,U0316,S010,52,2026-09-02
W02729,U0208,S010,169,2026-04-18
W02730,U0064,S019,11,2026-07-03
W02731,U0152,S023,75,2026-04-29
W02732,U0166,S019,35,2026-04-09
W02733,U0029,S003,87,2026-05-18
W02734,U0256,S025,57,2026-08-20
W02735,U0321,S021,76,2026-06-02
W02736,U0346,S018,146,2026-07-26
W02737,U0294,S023,158,2026-04-10
W02738,U0249,S001,158,2026-08-18
W02739,U0283,S010,132,2026-07-01
W02740,U0198,S023,53,2026-07-14
W02741,U0356,S028,26,2026-05-22
W02742,U0127,S027,177,2026-06-23
W02743,U0244,S003,85,2026-03-26
W02744,U0231,S012,55,2026-08-12
W02745,U0214,S023,167,2026-06-02
W02746,U0069,S009,94,2026-09-15
W02747,U0267,S005,108,2026-08-30
W02748,U0347,S017,168,2026-09-02
W02749,U0161,S007,103,2026-07-12
W02750,U0174,S005,124,2026-03-23
W02751,U0220,S028,40,2026-08-30
W02752,U0011,S023,130,2026-04-17
W02753,U0130,S008,114,2026-04-02
W02754,U0027,S003,11,2026-07-31
W02755,U0359,S005,30,2026-05-29
W02756,U0058,S005,94,2026-06-22
W02757,U0349,S020,70,2026-06-06
W02758,U0038,S020,34,2026-03-27
W02759,U0386,S025,169,2026-09-01
W02760,U0026,S006,178,2026-06-02
W02761,U0323,S001,10,2026-06-19
W02762,U0307,S005,22,2026-06-04
W02763,U0403,S012,57,2026-04-22
W02764,U0409,S025,124,2026-07-11
W02765,U0291,S012,103,2026-07-24
W02766,U0261,S002,31,2026-03-23
W02767,U0359,S013,140,2026-05-28
W02768,U0380,S021,168,2026-04-19
W02769,U0069,S024,113,2026-03-29
W02770,U0246,S001,25,2026-07-19
W02771,U0498,S020,85,2026-03-31
W02772,U0205,S013,48,2026-09-13
W02773,U0089,S014,121,2026-05-28
W02774,U0303,S012,146,2026-09-06
W02775,U0488,S018,137,2026-05-07
W02776,U0178,S013,24,2026-06-28
W02777,U0292,S017,72,2026-04-10
W02778,U0325,S022,178,2026-07-19
W02779,U0330,S024,58,2026-04-10
W02780,U0146,S007,13,2026-08-19
W02781,U0090,S005,69,2026-08-01
W02782,U0311,S016,38,2026-04-16
W02783,U0151,S021,23,2026-06-12
W02784,U0079,S017,42,2026-06-16
W02785,U0153,S021,154,2026-06-10
W02786,U0279,S025,151,2026-07-12
W02787,U0093,S020,167,2026-03-30
W02788,U0275,S021,112,2026-08-14
W02789,U0440,S013,160,2026-05-13
W02790,U0446,S014,42,2026-05-13
W02791,U0231,S008,27,2026-05-11
W02792,U0073,S001,169,2026-08-04
W02793,U0189,S022,26,2026-04-22
W02794,U0019,S027,79,2026-05-12
W02795,U0483,S024,110,2026-08-14
W02796,U0034,S020,162,2026-06-19
W02797,U0196,S010,97,2026-06-02
W02798,U0341,S011,100,2026-07-06
W02799,U0400,S026,136,2026-08-30
W02800,U0369,S016,16,2026-07-24
W02801,U0272,S003,25,2026-09-18
W02802,U0424,S030,21,2026-08-26
W02803,U0291,S017,30,2026-07-26
W02804,U0178,S011,26,2026-04-30
W02805,U0288,S009,143,2026-07-07
W02806,U0472,S027,157,2026-07-06
W02807,U0153,S002,146,2026-07-14
W02808,U0092,S021,70,2026-07-10
W02809,U0422,S003,112,2026-06-01
W02810,U0481,S023,10,2026-08-16
W02811,U0101,S006,54,2026-04-24
W02812,U0226,S015,35,2026-05-15
W02813,U0121,S014,55,2026-05-16
W02814,U0255,S026,40,2026-08-23
W02815,U0472,S027,38,2026-07-30
W02816,U0106,S017,151,2026-07-05
W02817,U0232,S004,33,2026-06-11
W02818,U0109,S022,100,2026-04-01
W02819,U0025,S027,41,2026-05-27
W02820,U0116,S018,119,2026-04-04
W02821,U0402,S005,35,2026-04-01
W02822,U0137,S028,73,2026-03-27
W02823,U0328,S020,115,2026-06-24
W02824,U0086,S019,167,2026-04-02
W02825,U0053,S028,108,2026-05-05
W02826,U0235,S011,40,2026-06-26
W02827,U0433,S016,109,2026-05-21
W02828,U0478,S023,156,2026-07-07
W02829,U0396,S015,168,2026-08-13
W02830,U0427,S005,174,2026-08-17
W02831,U0463,S029,123,2026-06-13
W02832,U0107,S026,117,2026-07-16
W02833,U0130,S020,24,2026-05-25
W02834,U0244,S004,59,2026-08-12
W02835,U0166,S023,68,2026-07-22
W02836,U0090,S019,84,2026-06-19
W02837,U0412,S024,132,2026-06-29
W02838,U0136,S029,148,2026-08-13
W02839,U0229,S018,59,2026-05-21
W02840,U0398,S022,146,2026-07-30
W02841,U0483,S011,117,2026-04-21
W02842,U0460,S003,176,2026-06-07
W02843,U0078,S024,165,2026-05-21
W02844,U0075,S007,34,2026-05-04
W02845,U0021,S010,180,2026-04-12
W02846,U0015,S019,57,2026-06-28
W02847,U0086,S021,125,2026-05-30
W02848,U0492,S018,160,2026-06-08
W02849,U0141,S005,13,2026-08-06
W02850,U0476,S014,18,2026-06-06
W02851,U0121,S019,172,2026-08-21
W02852,U0101,S021,155,2026-05-28
W02853,U0353,S008,90,2026-06-17
W02854,U0043,S002,15,2026-05-03
W02855,U0214,S014,76,2026-04-22
W02856,U0396,S004,21,2026-07-09
W02857,U0237,S002,11,2026-04-09
W02858,U0399,S023,166,2026-07-20
W02859,U0337,S007,165,2026-07-03
W02860,U0142,S012,167,2026-06-10
W02861,U0465,S014,79,2026-07-16
W02862,U0371,S024,15,2026-04-10
W02863,U0283,S018,97,2026-07-20
W02864,U0229,S024,33,2026-07-26
W02865,U0358,S002,177,2026-09-01
W02866,U0047,S015,33,2026-05-11
W02867,U0321,S018,53,2026-05-17
W02868,U0332,S025,116,2026-06-22
W02869,U0156,S008,133,2026-06-22
W02870,U0199,S023,171,2026-08-07
W02871,U0395,S022,172,2026-05-21
W02872,U0116,S029,51,2026-04-26
W02873,U0284,S027,33,2026-03-26
W02874,U0136,S010,127,2026-08-03
W02875,U0237,S021,141,2026-07-25
W02876,U0475,S004,14,2026-07-08
W02877,U0481,S017,107,2026-04-09
W02878,U0286,S008,112,2026-08-10
W02879,U0063,S015,35,2026-05-22
W02880,U0441,S005,16,2026-09-11
W02881,U0127,S008,101,2026-08-06
W02882,U0423,S030,112,2026-05-12
W02883,U0476,S014,62,2026-04-17
W02884,U0242,S006,141,2026-03-27
W02885,U0490,S018,117,2026-08-06
W02886,U0112,S025,16,2026-05-19
W02887,U0230,S028,76,2026-05-21
W02888,U0364,S015,157,2026-06-02
W02889,U0083,S016,133,2026-07-16
W02890,U0395,S008,76,2026-08-21
W02891,U0471,S007,160,2026-04-25
W02892,U0189,S007,119,2026-08-06
W02893,U0290,S010,156,2026-04-30
W02894,U0058,S009,57,2026-04-16
W02895,U0115,S018,50,2026-04-27
W02896,U0304,S013,34,2026-09-02
W02897,U0372,S014,117,2026-03-29
W02898,U0281,S019,48,2026-05-30
W02899,U0119,S015,89,2026-03-28
W02900,U0027,S008,83,2026-04-20
W02901,U0191,S004,156,2026-06-30
W02902,U0255,S028,132,2026-05-02
W02903,U0495,S014,170,2026-08-31
W02904,U0240,S010,92,2026-09-10
W02905,U0286,S022,12,2026-09-18
W02906,U0357,S009,11,2026-07-01
W02907,U0204,S022,15,2026-09-06
W02908,U0107,S027,177,2026-06-17
W02909,U0492,S029,132,2026-04-21
W02910,U0222,S002,120,2026-06-10
W02911,U0258,S029,110,2026-06-20
W02912,U0246,S028,106,2026-04-09
W02913,U0111,S006,136,2026-04-19
W02914,U0104,S013,156,2026-06-24
W02915,U0480,S027,10,2026-06-07
W02916,U0235,S020,42,2026-09-17
W02917,U0040,S005,26,2026-07-01
W02918,U0382,S008,66,2026-07-09
W02919,U0298,S002,146,2026-05-31
W02920,U0376,S023,172,2026-08-09
W02921,U0242,S007,63,2026-05-03
W02922,U0084,S018,34,2026-04-14
W02923,U0323,S028,161,2026-07-25
W02924,U0482,S014,31,2026-05-22
W02925,U0139,S016,17,2026-07-11
W02926,U0295,S011,172,2026-05-07
W02927,U0049,S014,47,2026-06-24
W02928,U0136,S022,174,2026-07-11
W02929,U0219,S028,49,2026-07-09
W02930,U0034,S015,136,2026-04-03
W02931,U0273,S001,119,2026-05-14
W02932,U0308,S022,18,2026-06-10
W02933,U0289,S028,122,2026-08-21
W02934,U0477,S013,158,2026-05-14
W02935,U0186,S021,19,2026-09-02
W02936,U0262,S024,124,2026-04-20
W02937,U0121,S013,74,2026-05-27
W02938,U0276,S025,55,2026-08-03
W02939,U0392,S010,122,2026-08-26
W02940,U0233,S003,148,2026-07-30
W02941,U0012,S010,162,2026-07-07
W02942,U0177,S017,20,2026-04-21
W02943,U0446,S022,173,2026-05-06
W02944,U0039,S021,65,2026-06-03
W02945,U0360,S001,65,2026-05-27
W02946,U0118,S004,39,2026-07-01
W02947,U0268,S024,44,2026-04-01
W02948,U0333,S020,168,2026-03-27
W02949,U0358,S011,96,2026-04-13
W02950,U0196,S020,89,2026-08-06
W02951,U0135,S022,84,2026-09-13
W02952,U0440,S001,67,2026-04-15
W02953,U0093,S027,112,2026-06-14
W02954,U0396,S007,137,2026-09-02
W02955,U0055,S007,115,2026-05-16
W02956,U0062,S016,99,2026-08-13
W02957,U0232,S009,107,2026-07-10
W02958,U0493,S013,128,2026-05-19
W02959,U0292,S025,161,2026-05-14
W02960,U0428,S017,139,2026-08-10
W02961,U0141,S029,123,2026-07-24
W02962,U0284,S028,164,2026-07-06
W02963,U0143,S008,42,2026-04-29
W02964,U0276,S010,149,2026-07-22
W02965,U0357,S009,32,2026-06-19
W02966,U0456,S016,23,2026-05-13
W02967,U0347,S025,86,2026-07-05
W02968,U0085,S013,40,2026-08-27
W02969,U0229,S016,131,2026-05-14
W02970,U0363,S022,142,2026-05-17
W02971,U0141,S028,52,2026-04-23
W02972,U0345,S019,108,2026-05-22
W02973,U0047,S007,80,2026-06-17
W02974,U0422,S003,71,2026-04-03
W02975,U0109,S007,46,2026-09-03
W02976,U0119,S018,95,2026-08-04
W02977,U0382,S008,61,2026-07-07
W02978,U0091,S001,90,2026-06-06
W02979,U0298,S012,121,2026-07-07
W02980,U0238,S030,164,2026-09-06
W02981,U0240,S008,160,2026-04-30
W02982,U0362,S029,122,2026-04-12
W02983,U0064,S027,123,2026-06-06
W02984,U0020,S016,154,2026-09-01
W02985,U0208,S019,129,2026-05-15
W02986,U0392,S006,47,2026-05-08
W02987,U0181,S029,114,2026-07-06
W02988,U0100,S026,168,2026-09-14
W02989,U0300,S028,85,2026-06-21
W02990,U0401,S015,82,2026-06-03
W02991,U0423,S010,149,2026-06-11
W02992,U0096,S025,112,2026-07-23
W02993,U0402,S015,15,2026-04-05
W02994,U0122,S012,180,2026-05-23
W02995,U0116,S003,71,2026-04-17
W02996,U0453,S018,153,2026-05-10
W02997,U0392,S025,105,2026-04-19
W02998,U0382,S026,95,2026-06-02
W02999,U0415,S011,147,2026-04-23
W03000,U0184,S025,85,2026-07-21
